"u:0","u:1","u:2","vtkValidPointMask","arc_length","Points:0","Points:1","Points:2"
-0.00083287,-2.9916e-06,3.35e-06,1,0,10,0.8,0
0.089439,-2.0279e-05,6.6652e-06,1,0.002,10,0.8,0.002
0.17971,-3.7566e-05,9.9803e-06,1,0.004,10,0.8,0.004
0.26998,-5.4853e-05,1.3295e-05,1,0.006,10,0.8,0.006
0.36025,-7.214e-05,1.6611e-05,1,0.008,10,0.8,0.008
0.45053,-8.9427e-05,1.9926e-05,1,0.01,10,0.8,0.01
0.5408,-0.00010671,2.3241e-05,1,0.012,10,0.8,0.012
0.63107,-0.000124,2.6556e-05,1,0.014,10,0.8,0.014
0.72134,-0.00014129,2.9871e-05,1,0.016,10,0.8,0.016
0.81319,-0.00015143,2.9264e-05,1,0.018,10,0.8,0.018
0.90584,-0.00015799,2.6696e-05,1,0.02,10,0.8,0.02
0.99848,-0.00016455,2.4127e-05,1,0.022,10,0.8,0.022
1.0911,-0.00017112,2.1559e-05,1,0.024,10,0.8,0.024
1.1838,-0.00017768,1.8991e-05,1,0.026,10,0.8,0.026
1.2764,-0.00018424,1.6423e-05,1,0.028,10,0.8,0.028
1.3691,-0.00019081,1.3854e-05,1,0.03,10,0.8,0.03
1.4617,-0.00019737,1.1286e-05,1,0.032,10,0.8,0.032
1.5527,-0.00020312,9.6746e-06,1,0.034,10,0.8,0.034
1.6403,-0.00020722,9.9768e-06,1,0.036,10,0.8,0.036
1.7279,-0.00021133,1.0279e-05,1,0.038,10,0.8,0.038
1.8154,-0.00021544,1.0581e-05,1,0.04,10,0.8,0.04
1.903,-0.00021954,1.0884e-05,1,0.042,10,0.8,0.042
1.9906,-0.00022365,1.1186e-05,1,0.044,10,0.8,0.044
2.0782,-0.00022776,1.1488e-05,1,0.046,10,0.8,0.046
2.1658,-0.00023186,1.179e-05,1,0.048,10,0.8,0.048
2.2534,-0.00023597,1.2092e-05,1,0.05,10,0.8,0.05
2.339,-0.00023953,1.4559e-05,1,0.052,10,0.8,0.052
2.4246,-0.00024309,1.7025e-05,1,0.054,10,0.8,0.054
2.5101,-0.00024665,1.9491e-05,1,0.056,10,0.8,0.056
2.5957,-0.00025021,2.1957e-05,1,0.058,10,0.8,0.058
2.6812,-0.00025377,2.4424e-05,1,0.06,10,0.8,0.06
2.7668,-0.00025733,2.689e-05,1,0.062,10,0.8,0.062
2.8524,-0.00026089,2.9356e-05,1,0.064,10,0.8,0.064
2.9379,-0.00026444,3.1822e-05,1,0.066,10,0.8,0.066
3.022,-0.00026767,3.3024e-05,1,0.068,10,0.8,0.068
3.1054,-0.00027074,3.3593e-05,1,0.07,10,0.8,0.07
3.1888,-0.0002738,3.4163e-05,1,0.072,10,0.8,0.072
3.2722,-0.00027687,3.4732e-05,1,0.074,10,0.8,0.074
3.3556,-0.00027993,3.5301e-05,1,0.076,10,0.8,0.076
3.439,-0.000283,3.5871e-05,1,0.078,10,0.8,0.078
3.5224,-0.00028606,3.644e-05,1,0.08,10,0.8,0.08
3.6058,-0.00028913,3.701e-05,1,0.082,10,0.8,0.082
3.6885,-0.00029205,3.7252e-05,1,0.084,10,0.8,0.084
3.7696,-0.00029468,3.6842e-05,1,0.086,10,0.8,0.086
3.8508,-0.00029731,3.6432e-05,1,0.088,10,0.8,0.088
3.9319,-0.00029994,3.6022e-05,1,0.09,10,0.8,0.09
4.0131,-0.00030256,3.5612e-05,1,0.092,10,0.8,0.092
4.0942,-0.00030519,3.5202e-05,1,0.094,10,0.8,0.094
4.1754,-0.00030782,3.4792e-05,1,0.096,10,0.8,0.096
4.2565,-0.00031045,3.4382e-05,1,0.098,10,0.8,0.098
4.3377,-0.00031308,3.3972e-05,1,0.1,10,0.8,0.1
4.4167,-0.00031529,3.335e-05,1,0.102,10,0.8,0.102
4.4957,-0.0003175,3.2728e-05,1,0.104,10,0.8,0.104
4.5746,-0.00031971,3.2106e-05,1,0.106,10,0.8,0.106
4.6536,-0.00032192,3.1483e-05,1,0.108,10,0.8,0.108
4.7326,-0.00032413,3.0861e-05,1,0.11,10,0.8,0.11
4.8116,-0.00032633,3.0239e-05,1,0.112,10,0.8,0.112
4.8906,-0.00032854,2.9617e-05,1,0.114,10,0.8,0.114
4.9696,-0.00033075,2.8994e-05,1,0.116,10,0.8,0.116
5.0471,-0.00033269,2.8325e-05,1,0.118,10,0.8,0.118
5.124,-0.0003345,2.7633e-05,1,0.12,10,0.8,0.12
5.2009,-0.0003363,2.6941e-05,1,0.122,10,0.8,0.122
5.2777,-0.0003381,2.6249e-05,1,0.124,10,0.8,0.124
5.3546,-0.00033991,2.5557e-05,1,0.126,10,0.8,0.126
5.4315,-0.00034171,2.4864e-05,1,0.128,10,0.8,0.128
5.5083,-0.00034351,2.4172e-05,1,0.13,10,0.8,0.13
5.5852,-0.00034532,2.348e-05,1,0.132,10,0.8,0.132
5.6614,-0.00034699,2.2791e-05,1,0.134,10,0.8,0.134
5.7362,-0.0003484,2.2109e-05,1,0.136,10,0.8,0.136
5.8109,-0.00034981,2.1427e-05,1,0.138,10,0.8,0.138
5.8857,-0.00035123,2.0745e-05,1,0.14,10,0.8,0.14
5.9605,-0.00035264,2.0063e-05,1,0.142,10,0.8,0.142
6.0353,-0.00035405,1.9381e-05,1,0.144,10,0.8,0.144
6.11,-0.00035546,1.8699e-05,1,0.146,10,0.8,0.146
6.1848,-0.00035687,1.8017e-05,1,0.148,10,0.8,0.148
6.2596,-0.00035828,1.7335e-05,1,0.15,10,0.8,0.15
6.3323,-0.00035931,1.6793e-05,1,0.152,10,0.8,0.152
6.405,-0.00036033,1.6251e-05,1,0.154,10,0.8,0.154
6.4778,-0.00036136,1.5708e-05,1,0.156,10,0.8,0.156
6.5505,-0.00036238,1.5166e-05,1,0.158,10,0.8,0.158
6.6232,-0.0003634,1.4624e-05,1,0.16,10,0.8,0.16
6.6959,-0.00036443,1.4082e-05,1,0.162,10,0.8,0.162
6.7686,-0.00036545,1.354e-05,1,0.164,10,0.8,0.164
6.8413,-0.00036648,1.2998e-05,1,0.166,10,0.8,0.166
6.9127,-0.00036726,1.2676e-05,1,0.168,10,0.8,0.168
6.9834,-0.00036792,1.2463e-05,1,0.17,10,0.8,0.17
7.0541,-0.00036859,1.2251e-05,1,0.172,10,0.8,0.172
7.1248,-0.00036925,1.2038e-05,1,0.174,10,0.8,0.174
7.1955,-0.00036991,1.1826e-05,1,0.176,10,0.8,0.176
7.2662,-0.00037058,1.1613e-05,1,0.178,10,0.8,0.178
7.3369,-0.00037124,1.14e-05,1,0.18,10,0.8,0.18
7.4076,-0.0003719,1.1188e-05,1,0.182,10,0.8,0.182
7.4776,-0.00037244,1.1136e-05,1,0.184,10,0.8,0.184
7.5463,-0.00037274,1.1406e-05,1,0.186,10,0.8,0.186
7.615,-0.00037304,1.1675e-05,1,0.188,10,0.8,0.188
7.6837,-0.00037334,1.1945e-05,1,0.19,10,0.8,0.19
7.7524,-0.00037363,1.2215e-05,1,0.192,10,0.8,0.192
7.8211,-0.00037393,1.2484e-05,1,0.194,10,0.8,0.194
7.8898,-0.00037423,1.2754e-05,1,0.196,10,0.8,0.196
7.9585,-0.00037453,1.3023e-05,1,0.198,10,0.8,0.198
8.0272,-0.00037483,1.3293e-05,1,0.2,10,0.8,0.2
8.094,-0.00037478,1.4149e-05,1,0.202,10,0.8,0.202
8.1607,-0.00037473,1.5006e-05,1,0.204,10,0.8,0.204
8.2275,-0.00037468,1.5862e-05,1,0.206,10,0.8,0.206
8.2942,-0.00037463,1.6719e-05,1,0.208,10,0.8,0.208
8.361,-0.00037457,1.7575e-05,1,0.21,10,0.8,0.21
8.4277,-0.00037452,1.8432e-05,1,0.212,10,0.8,0.212
8.4945,-0.00037447,1.9288e-05,1,0.214,10,0.8,0.214
8.5612,-0.00037442,2.0144e-05,1,0.216,10,0.8,0.216
8.6267,-0.00037414,2.1414e-05,1,0.218,10,0.8,0.218
8.6915,-0.00037375,2.2889e-05,1,0.22,10,0.8,0.22
8.7563,-0.00037336,2.4364e-05,1,0.222,10,0.8,0.222
8.8211,-0.00037296,2.584e-05,1,0.224,10,0.8,0.224
8.8859,-0.00037257,2.7315e-05,1,0.226,10,0.8,0.226
8.9508,-0.00037217,2.8791e-05,1,0.228,10,0.8,0.228
9.0156,-0.00037178,3.0266e-05,1,0.23,10,0.8,0.23
9.0804,-0.00037139,3.1742e-05,1,0.232,10,0.8,0.232
9.1446,-0.00037088,3.346e-05,1,0.234,10,0.8,0.234
9.2075,-0.00037015,3.5664e-05,1,0.236,10,0.8,0.236
9.2704,-0.00036942,3.7867e-05,1,0.238,10,0.8,0.238
9.3334,-0.00036869,4.0071e-05,1,0.24,10,0.8,0.24
9.3963,-0.00036796,4.2275e-05,1,0.242,10,0.8,0.242
9.4592,-0.00036723,4.4478e-05,1,0.244,10,0.8,0.244
9.5222,-0.0003665,4.6682e-05,1,0.246,10,0.8,0.246
9.5851,-0.00036577,4.8886e-05,1,0.248,10,0.8,0.248
9.648,-0.00036504,5.109e-05,1,0.25,10,0.8,0.25
9.7091,-0.00036398,5.3849e-05,1,0.252,10,0.8,0.252
9.7702,-0.00036292,5.6609e-05,1,0.254,10,0.8,0.254
9.8312,-0.00036185,5.9368e-05,1,0.256,10,0.8,0.256
9.8923,-0.00036079,6.2128e-05,1,0.258,10,0.8,0.258
9.9534,-0.00035973,6.4887e-05,1,0.26,10,0.8,0.26
10.014,-0.00035866,6.7647e-05,1,0.262,10,0.8,0.262
10.076,-0.0003576,7.0406e-05,1,0.264,10,0.8,0.264
10.137,-0.00035654,7.3166e-05,1,0.266,10,0.8,0.266
10.196,-0.00035527,7.6362e-05,1,0.268,10,0.8,0.268
10.256,-0.00035391,7.9776e-05,1,0.27,10,0.8,0.27
10.315,-0.00035255,8.3191e-05,1,0.272,10,0.8,0.272
10.374,-0.00035118,8.6605e-05,1,0.274,10,0.8,0.274
10.433,-0.00034982,9.0019e-05,1,0.276,10,0.8,0.276
10.493,-0.00034846,9.3434e-05,1,0.278,10,0.8,0.278
10.552,-0.00034709,9.6848e-05,1,0.28,10,0.8,0.28
10.611,-0.00034573,0.00010026,1,0.282,10,0.8,0.282
10.67,-0.00034427,0.00010383,1,0.284,10,0.8,0.284
10.727,-0.00034261,0.00010769,1,0.286,10,0.8,0.286
10.785,-0.00034095,0.00011155,1,0.288,10,0.8,0.288
10.842,-0.0003393,0.00011542,1,0.29,10,0.8,0.29
10.9,-0.00033764,0.00011928,1,0.292,10,0.8,0.292
10.957,-0.00033598,0.00012315,1,0.294,10,0.8,0.294
11.014,-0.00033432,0.00012701,1,0.296,10,0.8,0.296
11.072,-0.00033267,0.00013088,1,0.298,10,0.8,0.298
11.129,-0.00033101,0.00013474,1,0.3,10,0.8,0.3
11.185,-0.00032906,0.00013901,1,0.302,10,0.8,0.302
11.241,-0.00032712,0.00014328,1,0.304,10,0.8,0.304
11.296,-0.00032517,0.00014754,1,0.306,10,0.8,0.306
11.352,-0.00032323,0.00015181,1,0.308,10,0.8,0.308
11.408,-0.00032128,0.00015608,1,0.31,10,0.8,0.31
11.463,-0.00031934,0.00016035,1,0.312,10,0.8,0.312
11.519,-0.00031739,0.00016462,1,0.314,10,0.8,0.314
11.575,-0.00031545,0.00016888,1,0.316,10,0.8,0.316
11.629,-0.00031331,0.00017333,1,0.318,10,0.8,0.318
11.683,-0.00031109,0.00017786,1,0.32,10,0.8,0.32
11.737,-0.00030886,0.00018239,1,0.322,10,0.8,0.322
11.791,-0.00030664,0.00018692,1,0.324,10,0.8,0.324
11.845,-0.00030441,0.00019146,1,0.326,10,0.8,0.326
11.899,-0.00030219,0.00019599,1,0.328,10,0.8,0.328
11.953,-0.00029996,0.00020052,1,0.33,10,0.8,0.33
12.007,-0.00029773,0.00020505,1,0.332,10,0.8,0.332
12.06,-0.00029542,0.00020966,1,0.334,10,0.8,0.334
12.112,-0.00029293,0.0002144,1,0.336,10,0.8,0.336
12.165,-0.00029043,0.00021915,1,0.338,10,0.8,0.338
12.217,-0.00028794,0.0002239,1,0.34,10,0.8,0.34
12.269,-0.00028544,0.00022864,1,0.342,10,0.8,0.342
12.321,-0.00028295,0.00023339,1,0.344,10,0.8,0.344
12.374,-0.00028046,0.00023814,1,0.346,10,0.8,0.346
12.426,-0.00027796,0.00024288,1,0.348,10,0.8,0.348
12.478,-0.00027547,0.00024763,1,0.35,10,0.8,0.35
12.529,-0.00027271,0.00025252,1,0.352,10,0.8,0.352
12.579,-0.00026996,0.00025741,1,0.354,10,0.8,0.354
12.63,-0.0002672,0.00026229,1,0.356,10,0.8,0.356
12.68,-0.00026444,0.00026718,1,0.358,10,0.8,0.358
12.731,-0.00026168,0.00027207,1,0.36,10,0.8,0.36
12.781,-0.00025893,0.00027695,1,0.362,10,0.8,0.362
12.832,-0.00025617,0.00028184,1,0.364,10,0.8,0.364
12.882,-0.00025341,0.00028673,1,0.366,10,0.8,0.366
12.932,-0.00025048,0.00029168,1,0.368,10,0.8,0.368
12.981,-0.00024747,0.00029667,1,0.37,10,0.8,0.37
13.03,-0.00024445,0.00030166,1,0.372,10,0.8,0.372
13.078,-0.00024143,0.00030665,1,0.374,10,0.8,0.374
13.127,-0.00023842,0.00031163,1,0.376,10,0.8,0.376
13.176,-0.0002354,0.00031662,1,0.378,10,0.8,0.378
13.225,-0.00023238,0.00032161,1,0.38,10,0.8,0.38
13.274,-0.00022937,0.0003266,1,0.382,10,0.8,0.382
13.322,-0.00022627,0.00033159,1,0.384,10,0.8,0.384
13.37,-0.00022302,0.0003366,1,0.386,10,0.8,0.386
13.417,-0.00021977,0.0003416,1,0.388,10,0.8,0.388
13.464,-0.00021651,0.00034661,1,0.39,10,0.8,0.39
13.511,-0.00021326,0.00035162,1,0.392,10,0.8,0.392
13.559,-0.00021001,0.00035662,1,0.394,10,0.8,0.394
13.606,-0.00020676,0.00036163,1,0.396,10,0.8,0.396
13.653,-0.0002035,0.00036664,1,0.398,10,0.8,0.398
13.701,-0.00020025,0.00037164,1,0.4,10,0.8,0.4
13.746,-0.00019678,0.00037663,1,0.402,10,0.8,0.402
13.792,-0.0001933,0.00038162,1,0.404,10,0.8,0.404
13.837,-0.00018983,0.00038661,1,0.406,10,0.8,0.406
13.883,-0.00018636,0.0003916,1,0.408,10,0.8,0.408
13.929,-0.00018288,0.00039659,1,0.41,10,0.8,0.41
13.974,-0.00017941,0.00040158,1,0.412,10,0.8,0.412
14.02,-0.00017593,0.00040657,1,0.414,10,0.8,0.414
14.066,-0.00017246,0.00041156,1,0.416,10,0.8,0.416
14.11,-0.00016884,0.00041654,1,0.418,10,0.8,0.418
14.155,-0.00016514,0.00042152,1,0.42,10,0.8,0.42
14.199,-0.00016145,0.00042649,1,0.422,10,0.8,0.422
14.243,-0.00015776,0.00043147,1,0.424,10,0.8,0.424
14.287,-0.00015406,0.00043645,1,0.426,10,0.8,0.426
14.331,-0.00015037,0.00044143,1,0.428,10,0.8,0.428
14.375,-0.00014667,0.00044641,1,0.43,10,0.8,0.43
14.419,-0.00014298,0.00045138,1,0.432,10,0.8,0.432
14.463,-0.00013921,0.00045634,1,0.434,10,0.8,0.434
14.505,-0.00013531,0.00046124,1,0.436,10,0.8,0.436
14.548,-0.0001314,0.00046614,1,0.438,10,0.8,0.438
14.59,-0.0001275,0.00047104,1,0.44,10,0.8,0.44
14.633,-0.0001236,0.00047594,1,0.442,10,0.8,0.442
14.675,-0.00011969,0.00048084,1,0.444,10,0.8,0.444
14.718,-0.00011579,0.00048575,1,0.446,10,0.8,0.446
14.76,-0.00011188,0.00049065,1,0.448,10,0.8,0.448
14.803,-0.00010798,0.00049555,1,0.45,10,0.8,0.45
14.844,-0.00010388,0.00050036,1,0.452,10,0.8,0.452
14.885,-9.9775e-05,0.00050517,1,0.454,10,0.8,0.454
14.926,-9.5674e-05,0.00050998,1,0.456,10,0.8,0.456
14.967,-9.1572e-05,0.0005148,1,0.458,10,0.8,0.458
15.008,-8.747e-05,0.00051961,1,0.46,10,0.8,0.46
15.049,-8.3368e-05,0.00052442,1,0.462,10,0.8,0.462
15.09,-7.9267e-05,0.00052923,1,0.464,10,0.8,0.464
15.131,-7.5165e-05,0.00053404,1,0.466,10,0.8,0.466
15.171,-7.095e-05,0.00053871,1,0.468,10,0.8,0.468
15.211,-6.6677e-05,0.0005433,1,0.47,10,0.8,0.47
15.25,-6.2405e-05,0.00054788,1,0.472,10,0.8,0.472
15.29,-5.8133e-05,0.00055247,1,0.474,10,0.8,0.474
15.329,-5.3861e-05,0.00055706,1,0.476,10,0.8,0.476
15.369,-4.9589e-05,0.00056165,1,0.478,10,0.8,0.478
15.408,-4.5317e-05,0.00056624,1,0.48,10,0.8,0.48
15.448,-4.1044e-05,0.00057083,1,0.482,10,0.8,0.482
15.487,-3.6721e-05,0.00057535,1,0.484,10,0.8,0.484
15.525,-3.2294e-05,0.00057973,1,0.486,10,0.8,0.486
15.563,-2.7867e-05,0.00058411,1,0.488,10,0.8,0.488
15.601,-2.344e-05,0.00058849,1,0.49,10,0.8,0.49
15.639,-1.9013e-05,0.00059288,1,0.492,10,0.8,0.492
15.677,-1.4586e-05,0.00059726,1,0.494,10,0.8,0.494
15.715,-1.0159e-05,0.00060164,1,0.496,10,0.8,0.496
15.753,-5.7326e-06,0.00060603,1,0.498,10,0.8,0.498
15.791,-1.3057e-06,0.00061041,1,0.5,10,0.8,0.5
15.827,3.2622e-06,0.00061459,1,0.502,10,0.8,0.502
15.864,7.8301e-06,0.00061878,1,0.504,10,0.8,0.504
15.901,1.2398e-05,0.00062296,1,0.506,10,0.8,0.506
15.937,1.6966e-05,0.00062715,1,0.508,10,0.8,0.508
15.974,2.1534e-05,0.00063133,1,0.51,10,0.8,0.51
16.01,2.6102e-05,0.00063551,1,0.512,10,0.8,0.512
16.047,3.067e-05,0.0006397,1,0.514,10,0.8,0.514
16.083,3.5237e-05,0.00064388,1,0.516,10,0.8,0.516
16.119,3.9884e-05,0.0006479,1,0.518,10,0.8,0.518
16.154,4.4569e-05,0.00065183,1,0.52,10,0.8,0.52
16.189,4.9255e-05,0.00065576,1,0.522,10,0.8,0.522
16.224,5.3941e-05,0.00065969,1,0.524,10,0.8,0.524
16.26,5.8626e-05,0.00066362,1,0.526,10,0.8,0.526
16.295,6.3312e-05,0.00066755,1,0.528,10,0.8,0.528
16.33,6.7997e-05,0.00067148,1,0.53,10,0.8,0.53
16.365,7.2683e-05,0.0006754,1,0.532,10,0.8,0.532
16.4,7.7398e-05,0.00067924,1,0.534,10,0.8,0.534
16.433,8.2171e-05,0.00068288,1,0.536,10,0.8,0.536
16.467,8.6945e-05,0.00068651,1,0.538,10,0.8,0.538
16.501,9.1719e-05,0.00069015,1,0.54,10,0.8,0.54
16.534,9.6492e-05,0.00069379,1,0.542,10,0.8,0.542
16.568,0.00010127,0.00069743,1,0.544,10,0.8,0.544
16.602,0.00010604,0.00070107,1,0.546,10,0.8,0.546
16.636,0.00011081,0.00070471,1,0.548,10,0.8,0.548
16.669,0.00011559,0.00070835,1,0.55,10,0.8,0.55
16.702,0.00012043,0.00071157,1,0.552,10,0.8,0.552
16.734,0.00012528,0.00071479,1,0.554,10,0.8,0.554
16.766,0.00013013,0.00071801,1,0.556,10,0.8,0.556
16.798,0.00013498,0.00072123,1,0.558,10,0.8,0.558
16.831,0.00013982,0.00072445,1,0.56,10,0.8,0.56
16.863,0.00014467,0.00072767,1,0.562,10,0.8,0.562
16.895,0.00014952,0.00073089,1,0.564,10,0.8,0.564
16.928,0.00015436,0.00073411,1,0.566,10,0.8,0.566
16.959,0.00015927,0.00073715,1,0.568,10,0.8,0.568
16.99,0.00016421,0.00074009,1,0.57,10,0.8,0.57
17.021,0.00016915,0.00074303,1,0.572,10,0.8,0.572
17.052,0.00017408,0.00074598,1,0.574,10,0.8,0.574
17.083,0.00017902,0.00074892,1,0.576,10,0.8,0.576
17.114,0.00018396,0.00075186,1,0.578,10,0.8,0.578
17.145,0.0001889,0.00075481,1,0.58,10,0.8,0.58
17.176,0.00019384,0.00075775,1,0.582,10,0.8,0.582
17.206,0.0001988,0.00076054,1,0.584,10,0.8,0.584
17.236,0.00020381,0.00076303,1,0.586,10,0.8,0.586
17.265,0.00020883,0.00076551,1,0.588,10,0.8,0.588
17.295,0.00021384,0.000768,1,0.59,10,0.8,0.59
17.324,0.00021885,0.00077048,1,0.592,10,0.8,0.592
17.354,0.00022387,0.00077297,1,0.594,10,0.8,0.594
17.384,0.00022888,0.00077545,1,0.596,10,0.8,0.596
17.413,0.00023389,0.00077794,1,0.598,10,0.8,0.598
17.443,0.00023891,0.00078042,1,0.6,10,0.8,0.6
17.471,0.00024398,0.0007825,1,0.602,10,0.8,0.602
17.499,0.00024905,0.00078457,1,0.604,10,0.8,0.604
17.527,0.00025412,0.00078664,1,0.606,10,0.8,0.606
17.556,0.00025919,0.00078872,1,0.608,10,0.8,0.608
17.584,0.00026426,0.00079079,1,0.61,10,0.8,0.61
17.612,0.00026933,0.00079286,1,0.612,10,0.8,0.612
17.64,0.0002744,0.00079494,1,0.614,10,0.8,0.614
17.669,0.00027946,0.00079701,1,0.616,10,0.8,0.616
17.696,0.00028454,0.00079878,1,0.618,10,0.8,0.618
17.723,0.00028962,0.00080039,1,0.62,10,0.8,0.62
17.75,0.0002947,0.000802,1,0.622,10,0.8,0.622
17.777,0.00029978,0.00080361,1,0.624,10,0.8,0.624
17.804,0.00030486,0.00080522,1,0.626,10,0.8,0.626
17.831,0.00030994,0.00080683,1,0.628,10,0.8,0.628
17.857,0.00031502,0.00080845,1,0.63,10,0.8,0.63
17.884,0.0003201,0.00081006,1,0.632,10,0.8,0.632
17.911,0.00032518,0.00081151,1,0.634,10,0.8,0.634
17.936,0.00033027,0.00081266,1,0.636,10,0.8,0.636
17.962,0.00033535,0.00081381,1,0.638,10,0.8,0.638
17.988,0.00034044,0.00081496,1,0.64,10,0.8,0.64
18.013,0.00034552,0.00081611,1,0.642,10,0.8,0.642
18.039,0.00035061,0.00081726,1,0.644,10,0.8,0.644
18.064,0.00035569,0.00081841,1,0.646,10,0.8,0.646
18.09,0.00036078,0.00081956,1,0.648,10,0.8,0.648
18.116,0.00036586,0.00082071,1,0.65,10,0.8,0.65
18.14,0.0003709,0.0008214,1,0.652,10,0.8,0.652
18.164,0.00037593,0.00082209,1,0.654,10,0.8,0.654
18.189,0.00038096,0.00082278,1,0.656,10,0.8,0.656
18.213,0.00038599,0.00082347,1,0.658,10,0.8,0.658
18.237,0.00039102,0.00082416,1,0.66,10,0.8,0.66
18.262,0.00039605,0.00082486,1,0.662,10,0.8,0.662
18.286,0.00040109,0.00082555,1,0.664,10,0.8,0.664
18.31,0.00040612,0.00082624,1,0.666,10,0.8,0.666
18.334,0.00041112,0.0008266,1,0.668,10,0.8,0.668
18.357,0.00041612,0.00082678,1,0.67,10,0.8,0.67
18.38,0.00042111,0.00082697,1,0.672,10,0.8,0.672
18.403,0.00042611,0.00082716,1,0.674,10,0.8,0.674
18.426,0.0004311,0.00082734,1,0.676,10,0.8,0.676
18.449,0.0004361,0.00082753,1,0.678,10,0.8,0.678
18.472,0.00044109,0.00082771,1,0.68,10,0.8,0.68
18.495,0.00044609,0.0008279,1,0.682,10,0.8,0.682
18.517,0.00045106,0.00082792,1,0.684,10,0.8,0.684
18.539,0.000456,0.00082759,1,0.686,10,0.8,0.686
18.561,0.00046095,0.00082726,1,0.688,10,0.8,0.688
18.583,0.00046589,0.00082694,1,0.69,10,0.8,0.69
18.605,0.00047083,0.00082661,1,0.692,10,0.8,0.692
18.626,0.00047577,0.00082628,1,0.694,10,0.8,0.694
18.648,0.00048071,0.00082596,1,0.696,10,0.8,0.696
18.67,0.00048565,0.00082563,1,0.698,10,0.8,0.698
18.692,0.00049059,0.0008253,1,0.7,10,0.8,0.7
18.712,0.00049545,0.00082446,1,0.702,10,0.8,0.702
18.733,0.0005003,0.00082361,1,0.704,10,0.8,0.704
18.753,0.00050516,0.00082276,1,0.706,10,0.8,0.706
18.774,0.00051001,0.00082192,1,0.708,10,0.8,0.708
18.794,0.00051487,0.00082107,1,0.71,10,0.8,0.71
18.815,0.00051972,0.00082023,1,0.712,10,0.8,0.712
18.835,0.00052458,0.00081938,1,0.714,10,0.8,0.714
18.856,0.00052943,0.00081854,1,0.716,10,0.8,0.716
18.875,0.00053423,0.00081735,1,0.718,10,0.8,0.718
18.895,0.00053899,0.000816,1,0.72,10,0.8,0.72
18.914,0.00054375,0.00081465,1,0.722,10,0.8,0.722
18.933,0.00054852,0.00081329,1,0.724,10,0.8,0.724
18.953,0.00055328,0.00081194,1,0.726,10,0.8,0.726
18.972,0.00055804,0.00081059,1,0.728,10,0.8,0.728
18.991,0.00056281,0.00080924,1,0.73,10,0.8,0.73
19.01,0.00056757,0.00080788,1,0.732,10,0.8,0.732
19.029,0.00057229,0.00080636,1,0.734,10,0.8,0.734
19.047,0.00057693,0.00080449,1,0.736,10,0.8,0.736
19.065,0.00058158,0.00080262,1,0.738,10,0.8,0.738
19.083,0.00058622,0.00080075,1,0.74,10,0.8,0.74
19.102,0.00059087,0.00079888,1,0.742,10,0.8,0.742
19.12,0.00059551,0.00079701,1,0.744,10,0.8,0.744
19.138,0.00060015,0.00079515,1,0.746,10,0.8,0.746
19.156,0.0006048,0.00079328,1,0.748,10,0.8,0.748
19.174,0.00060944,0.00079141,1,0.75,10,0.8,0.75
19.191,0.00061396,0.00078904,1,0.752,10,0.8,0.752
19.207,0.00061847,0.00078667,1,0.754,10,0.8,0.754
19.224,0.00062299,0.0007843,1,0.756,10,0.8,0.756
19.241,0.00062751,0.00078192,1,0.758,10,0.8,0.758
19.258,0.00063202,0.00077955,1,0.76,10,0.8,0.76
19.275,0.00063654,0.00077718,1,0.762,10,0.8,0.762
19.292,0.00064106,0.00077481,1,0.764,10,0.8,0.764
19.308,0.00064558,0.00077244,1,0.766,10,0.8,0.766
19.324,0.00064999,0.00076974,1,0.768,10,0.8,0.768
19.34,0.00065436,0.00076686,1,0.77,10,0.8,0.77
19.356,0.00065873,0.00076399,1,0.772,10,0.8,0.772
19.371,0.0006631,0.00076112,1,0.774,10,0.8,0.774
19.387,0.00066746,0.00075824,1,0.776,10,0.8,0.776
19.403,0.00067183,0.00075537,1,0.778,10,0.8,0.778
19.418,0.0006762,0.0007525,1,0.78,10,0.8,0.78
19.434,0.00068057,0.00074963,1,0.782,10,0.8,0.782
19.449,0.00068488,0.00074658,1,0.784,10,0.8,0.784
19.464,0.00068908,0.00074321,1,0.786,10,0.8,0.786
19.478,0.00069328,0.00073983,1,0.788,10,0.8,0.788
19.492,0.00069748,0.00073645,1,0.79,10,0.8,0.79
19.507,0.00070168,0.00073307,1,0.792,10,0.8,0.792
19.521,0.00070588,0.0007297,1,0.794,10,0.8,0.794
19.536,0.00071008,0.00072632,1,0.796,10,0.8,0.796
19.55,0.00071428,0.00072294,1,0.798,10,0.8,0.798
19.565,0.00071848,0.00071957,1,0.8,10,0.8,0.8
19.578,0.00072248,0.00071571,1,0.802,10,0.8,0.802
19.591,0.00072649,0.00071185,1,0.804,10,0.8,0.804
19.604,0.0007305,0.000708,1,0.806,10,0.8,0.806
19.618,0.0007345,0.00070414,1,0.808,10,0.8,0.808
19.631,0.00073851,0.00070029,1,0.81,10,0.8,0.81
19.644,0.00074252,0.00069643,1,0.812,10,0.8,0.812
19.657,0.00074652,0.00069258,1,0.814,10,0.8,0.814
19.671,0.00075053,0.00068872,1,0.816,10,0.8,0.816
19.683,0.00075439,0.00068455,1,0.818,10,0.8,0.818
19.695,0.00075818,0.00068021,1,0.82,10,0.8,0.82
19.707,0.00076197,0.00067588,1,0.822,10,0.8,0.822
19.719,0.00076576,0.00067154,1,0.824,10,0.8,0.824
19.732,0.00076955,0.00066721,1,0.826,10,0.8,0.826
19.744,0.00077334,0.00066287,1,0.828,10,0.8,0.828
19.756,0.00077713,0.00065853,1,0.83,10,0.8,0.83
19.768,0.00078092,0.0006542,1,0.832,10,0.8,0.832
19.779,0.00078463,0.0006497,1,0.834,10,0.8,0.834
19.79,0.00078819,0.0006449,1,0.836,10,0.8,0.836
19.801,0.00079175,0.00064009,1,0.838,10,0.8,0.838
19.812,0.00079532,0.00063528,1,0.84,10,0.8,0.84
19.823,0.00079888,0.00063048,1,0.842,10,0.8,0.842
19.834,0.00080244,0.00062567,1,0.844,10,0.8,0.844
19.845,0.000806,0.00062087,1,0.846,10,0.8,0.846
19.856,0.00080956,0.00061606,1,0.848,10,0.8,0.848
19.867,0.00081312,0.00061125,1,0.85,10,0.8,0.85
19.876,0.00081644,0.00060599,1,0.852,10,0.8,0.852
19.886,0.00081976,0.00060073,1,0.854,10,0.8,0.854
19.896,0.00082308,0.00059547,1,0.856,10,0.8,0.856
19.906,0.0008264,0.00059021,1,0.858,10,0.8,0.858
19.915,0.00082972,0.00058495,1,0.86,10,0.8,0.86
19.925,0.00083304,0.00057969,1,0.862,10,0.8,0.862
19.935,0.00083636,0.00057443,1,0.864,10,0.8,0.864
19.945,0.00083968,0.00056917,1,0.866,10,0.8,0.866
19.954,0.00084282,0.00056362,1,0.868,10,0.8,0.868
19.962,0.00084587,0.00055792,1,0.87,10,0.8,0.87
19.971,0.00084892,0.00055223,1,0.872,10,0.8,0.872
19.979,0.00085197,0.00054653,1,0.874,10,0.8,0.874
19.988,0.00085502,0.00054084,1,0.876,10,0.8,0.876
19.997,0.00085806,0.00053514,1,0.878,10,0.8,0.878
20.005,0.00086111,0.00052945,1,0.88,10,0.8,0.88
20.014,0.00086416,0.00052375,1,0.882,10,0.8,0.882
20.022,0.00086712,0.00051792,1,0.884,10,0.8,0.884
20.03,0.00086988,0.00051179,1,0.886,10,0.8,0.886
20.037,0.00087264,0.00050567,1,0.888,10,0.8,0.888
20.044,0.0008754,0.00049955,1,0.89,10,0.8,0.89
20.052,0.00087816,0.00049343,1,0.892,10,0.8,0.892
20.059,0.00088092,0.00048731,1,0.894,10,0.8,0.894
20.067,0.00088368,0.00048119,1,0.896,10,0.8,0.896
20.074,0.00088645,0.00047507,1,0.898,10,0.8,0.898
20.082,0.00088921,0.00046895,1,0.9,10,0.8,0.9
20.088,0.00089169,0.00046245,1,0.902,10,0.8,0.902
20.094,0.00089418,0.00045595,1,0.904,10,0.8,0.904
20.1,0.00089666,0.00044945,1,0.906,10,0.8,0.906
20.107,0.00089915,0.00044294,1,0.908,10,0.8,0.908
20.113,0.00090163,0.00043644,1,0.91,10,0.8,0.91
20.119,0.00090412,0.00042994,1,0.912,10,0.8,0.912
20.126,0.0009066,0.00042344,1,0.914,10,0.8,0.914
20.132,0.00090909,0.00041694,1,0.916,10,0.8,0.916
20.137,0.00091133,0.00041019,1,0.918,10,0.8,0.918
20.143,0.00091345,0.00040331,1,0.92,10,0.8,0.92
20.148,0.00091557,0.00039643,1,0.922,10,0.8,0.922
20.153,0.00091769,0.00038955,1,0.924,10,0.8,0.924
20.158,0.00091981,0.00038268,1,0.926,10,0.8,0.926
20.163,0.00092194,0.0003758,1,0.928,10,0.8,0.928
20.168,0.00092406,0.00036892,1,0.93,10,0.8,0.93
20.173,0.00092618,0.00036205,1,0.932,10,0.8,0.932
20.178,0.00092819,0.00035502,1,0.934,10,0.8,0.934
20.182,0.00092998,0.00034768,1,0.936,10,0.8,0.936
20.186,0.00093177,0.00034034,1,0.938,10,0.8,0.938
20.19,0.00093356,0.000333,1,0.94,10,0.8,0.94
20.194,0.00093536,0.00032567,1,0.942,10,0.8,0.942
20.198,0.00093715,0.00031833,1,0.944,10,0.8,0.944
20.202,0.00093894,0.00031099,1,0.946,10,0.8,0.946
20.206,0.00094073,0.00030365,1,0.948,10,0.8,0.948
20.21,0.00094252,0.00029631,1,0.95,10,0.8,0.95
20.213,0.00094396,0.00028858,1,0.952,10,0.8,0.952
20.216,0.00094541,0.00028085,1,0.954,10,0.8,0.954
20.219,0.00094685,0.00027312,1,0.956,10,0.8,0.956
20.221,0.00094829,0.00026539,1,0.958,10,0.8,0.958
20.224,0.00094973,0.00025766,1,0.96,10,0.8,0.96
20.227,0.00095118,0.00024993,1,0.962,10,0.8,0.962
20.23,0.00095262,0.0002422,1,0.964,10,0.8,0.964
20.233,0.00095406,0.00023447,1,0.966,10,0.8,0.966
20.235,0.0009553,0.00022652,1,0.968,10,0.8,0.968
20.237,0.00095643,0.00021846,1,0.97,10,0.8,0.97
20.238,0.00095757,0.0002104,1,0.972,10,0.8,0.972
20.24,0.00095871,0.00020234,1,0.974,10,0.8,0.974
20.242,0.00095984,0.00019427,1,0.976,10,0.8,0.976
20.244,0.00096098,0.00018621,1,0.978,10,0.8,0.978
20.245,0.00096211,0.00017815,1,0.98,10,0.8,0.98
20.247,0.00096325,0.00017009,1,0.982,10,0.8,0.982
20.248,0.00096429,0.00016193,1,0.984,10,0.8,0.984
20.249,0.00096513,0.00015359,1,0.986,10,0.8,0.986
20.249,0.00096598,0.00014524,1,0.988,10,0.8,0.988
20.25,0.00096682,0.0001369,1,0.99,10,0.8,0.99
20.251,0.00096767,0.00012855,1,0.992,10,0.8,0.992
20.251,0.00096851,0.00012021,1,0.994,10,0.8,0.994
20.252,0.00096936,0.00011186,1,0.996,10,0.8,0.996
20.252,0.0009702,0.00010352,1,0.998,10,0.8,0.998
20.253,0.00097105,9.5175e-05,1,1,10,0.8,1
20.252,0.00097158,8.6607e-05,1,1.002,10,0.8,1.002
20.252,0.0009721,7.8039e-05,1,1.004,10,0.8,1.004
20.251,0.00097263,6.947e-05,1,1.006,10,0.8,1.006
20.251,0.00097316,6.0902e-05,1,1.008,10,0.8,1.008
20.25,0.00097369,5.2334e-05,1,1.01,10,0.8,1.01
20.249,0.00097421,4.3766e-05,1,1.012,10,0.8,1.012
20.249,0.00097474,3.5197e-05,1,1.014,10,0.8,1.014
20.248,0.00097527,2.6629e-05,1,1.016,10,0.8,1.016
20.247,0.00097557,1.7946e-05,1,1.018,10,0.8,1.018
20.245,0.00097575,9.2062e-06,1,1.02,10,0.8,1.02
20.243,0.00097594,4.6624e-07,1,1.022,10,0.8,1.022
20.242,0.00097612,-8.2742e-06,1,1.024,10,0.8,1.024
20.24,0.0009763,-1.7014e-05,1,1.026,10,0.8,1.026
20.238,0.00097649,-2.5754e-05,1,1.028,10,0.8,1.028
20.237,0.00097667,-3.4494e-05,1,1.03,10,0.8,1.03
20.235,0.00097686,-4.3234e-05,1,1.032,10,0.8,1.032
20.233,0.00097693,-5.2013e-05,1,1.034,10,0.8,1.034
20.23,0.00097678,-6.0867e-05,1,1.036,10,0.8,1.036
20.227,0.00097663,-6.9722e-05,1,1.038,10,0.8,1.038
20.224,0.00097648,-7.8576e-05,1,1.04,10,0.8,1.04
20.221,0.00097632,-8.7431e-05,1,1.042,10,0.8,1.042
20.219,0.00097617,-9.6286e-05,1,1.044,10,0.8,1.044
20.216,0.00097602,-0.00010514,1,1.046,10,0.8,1.046
20.213,0.00097587,-0.00011399,1,1.048,10,0.8,1.048
20.21,0.00097572,-0.00012285,1,1.05,10,0.8,1.05
20.206,0.00097523,-0.00013176,1,1.052,10,0.8,1.052
20.202,0.00097474,-0.00014066,1,1.054,10,0.8,1.054
20.198,0.00097425,-0.00014957,1,1.056,10,0.8,1.056
20.194,0.00097376,-0.00015848,1,1.058,10,0.8,1.058
20.19,0.00097328,-0.00016739,1,1.06,10,0.8,1.06
20.186,0.00097279,-0.00017629,1,1.062,10,0.8,1.062
20.182,0.0009723,-0.0001852,1,1.064,10,0.8,1.064
20.178,0.00097181,-0.00019411,1,1.066,10,0.8,1.066
20.173,0.00097109,-0.00020301,1,1.068,10,0.8,1.068
20.168,0.00097026,-0.00021192,1,1.07,10,0.8,1.07
20.163,0.00096943,-0.00022082,1,1.072,10,0.8,1.072
20.158,0.0009686,-0.00022972,1,1.074,10,0.8,1.074
20.153,0.00096777,-0.00023863,1,1.076,10,0.8,1.076
20.148,0.00096693,-0.00024753,1,1.078,10,0.8,1.078
20.143,0.0009661,-0.00025644,1,1.08,10,0.8,1.08
20.138,0.00096527,-0.00026534,1,1.082,10,0.8,1.082
20.132,0.00096433,-0.00027423,1,1.084,10,0.8,1.084
20.126,0.00096316,-0.00028309,1,1.086,10,0.8,1.086
20.119,0.000962,-0.00029196,1,1.088,10,0.8,1.088
20.113,0.00096083,-0.00030082,1,1.09,10,0.8,1.09
20.107,0.00095967,-0.00030968,1,1.092,10,0.8,1.092
20.101,0.0009585,-0.00031854,1,1.094,10,0.8,1.094
20.094,0.00095734,-0.00032741,1,1.096,10,0.8,1.096
20.088,0.00095617,-0.00033627,1,1.098,10,0.8,1.098
20.082,0.000955,-0.00034513,1,1.1,10,0.8,1.1
20.074,0.00095351,-0.00035391,1,1.102,10,0.8,1.102
20.067,0.00095202,-0.00036269,1,1.104,10,0.8,1.104
20.06,0.00095052,-0.00037147,1,1.106,10,0.8,1.106
20.052,0.00094903,-0.00038025,1,1.108,10,0.8,1.108
20.045,0.00094753,-0.00038902,1,1.11,10,0.8,1.11
20.037,0.00094604,-0.0003978,1,1.112,10,0.8,1.112
20.03,0.00094454,-0.00040658,1,1.114,10,0.8,1.114
20.023,0.00094305,-0.00041536,1,1.116,10,0.8,1.116
20.014,0.00094134,-0.00042405,1,1.118,10,0.8,1.118
20.006,0.00093953,-0.0004327,1,1.12,10,0.8,1.12
19.997,0.00093773,-0.00044135,1,1.122,10,0.8,1.122
19.989,0.00093592,-0.00045,1,1.124,10,0.8,1.124
19.98,0.00093411,-0.00045865,1,1.126,10,0.8,1.126
19.972,0.0009323,-0.0004673,1,1.128,10,0.8,1.128
19.963,0.00093049,-0.00047595,1,1.13,10,0.8,1.13
19.954,0.00092868,-0.0004846,1,1.132,10,0.8,1.132
19.945,0.00092677,-0.00049319,1,1.134,10,0.8,1.134
19.936,0.00092464,-0.00050165,1,1.136,10,0.8,1.136
19.926,0.00092252,-0.00051011,1,1.138,10,0.8,1.138
19.916,0.00092039,-0.00051857,1,1.14,10,0.8,1.14
19.907,0.00091827,-0.00052703,1,1.142,10,0.8,1.142
19.897,0.00091614,-0.0005355,1,1.144,10,0.8,1.144
19.887,0.00091402,-0.00054396,1,1.146,10,0.8,1.146
19.877,0.00091189,-0.00055242,1,1.148,10,0.8,1.148
19.868,0.00090977,-0.00056088,1,1.15,10,0.8,1.15
19.857,0.00090734,-0.00056912,1,1.152,10,0.8,1.152
19.846,0.0009049,-0.00057736,1,1.154,10,0.8,1.154
19.835,0.00090247,-0.0005856,1,1.156,10,0.8,1.156
19.824,0.00090003,-0.00059384,1,1.158,10,0.8,1.158
19.813,0.0008976,-0.00060207,1,1.16,10,0.8,1.16
19.802,0.00089516,-0.00061031,1,1.162,10,0.8,1.162
19.791,0.00089273,-0.00061855,1,1.164,10,0.8,1.164
19.781,0.00089029,-0.00062679,1,1.166,10,0.8,1.166
19.769,0.00088766,-0.00063485,1,1.168,10,0.8,1.168
19.757,0.00088493,-0.00064282,1,1.17,10,0.8,1.17
19.745,0.00088221,-0.00065079,1,1.172,10,0.8,1.172
19.733,0.00087948,-0.00065876,1,1.174,10,0.8,1.174
19.721,0.00087675,-0.00066673,1,1.176,10,0.8,1.176
19.709,0.00087402,-0.00067471,1,1.178,10,0.8,1.178
19.697,0.00087129,-0.00068268,1,1.18,10,0.8,1.18
19.685,0.00086856,-0.00069065,1,1.182,10,0.8,1.182
19.672,0.00086574,-0.00069851,1,1.184,10,0.8,1.184
19.659,0.00086271,-0.00070616,1,1.186,10,0.8,1.186
19.646,0.00085969,-0.00071381,1,1.188,10,0.8,1.188
19.632,0.00085667,-0.00072145,1,1.19,10,0.8,1.19
19.619,0.00085365,-0.0007291,1,1.192,10,0.8,1.192
19.606,0.00085062,-0.00073675,1,1.194,10,0.8,1.194
19.593,0.0008476,-0.00074439,1,1.196,10,0.8,1.196
19.58,0.00084458,-0.00075204,1,1.198,10,0.8,1.198
19.566,0.00084156,-0.00075969,1,1.2,10,0.8,1.2
19.552,0.00083826,-0.000767,1,1.202,10,0.8,1.202
19.538,0.00083496,-0.00077431,1,1.204,10,0.8,1.204
19.523,0.00083166,-0.00078162,1,1.206,10,0.8,1.206
19.509,0.00082836,-0.00078894,1,1.208,10,0.8,1.208
19.494,0.00082506,-0.00079625,1,1.21,10,0.8,1.21
19.48,0.00082176,-0.00080356,1,1.212,10,0.8,1.212
19.465,0.00081846,-0.00081087,1,1.214,10,0.8,1.214
19.451,0.00081516,-0.00081818,1,1.216,10,0.8,1.216
19.436,0.00081168,-0.00082525,1,1.218,10,0.8,1.218
19.42,0.00080812,-0.00083218,1,1.22,10,0.8,1.22
19.405,0.00080456,-0.00083912,1,1.222,10,0.8,1.222
19.389,0.00080099,-0.00084606,1,1.224,10,0.8,1.224
19.373,0.00079743,-0.00085299,1,1.226,10,0.8,1.226
19.358,0.00079387,-0.00085993,1,1.228,10,0.8,1.228
19.342,0.00079031,-0.00086686,1,1.23,10,0.8,1.23
19.327,0.00078674,-0.0008738,1,1.232,10,0.8,1.232
19.311,0.00078311,-0.0008806,1,1.234,10,0.8,1.234
19.294,0.00077932,-0.00088712,1,1.236,10,0.8,1.236
19.277,0.00077553,-0.00089365,1,1.238,10,0.8,1.238
19.26,0.00077175,-0.00090017,1,1.24,10,0.8,1.24
19.243,0.00076796,-0.0009067,1,1.242,10,0.8,1.242
19.227,0.00076417,-0.00091322,1,1.244,10,0.8,1.244
19.21,0.00076039,-0.00091975,1,1.246,10,0.8,1.246
19.193,0.0007566,-0.00092627,1,1.248,10,0.8,1.248
19.176,0.00075281,-0.0009328,1,1.25,10,0.8,1.25
19.158,0.00074879,-0.00093887,1,1.252,10,0.8,1.252
19.14,0.00074478,-0.00094494,1,1.254,10,0.8,1.254
19.122,0.00074076,-0.00095102,1,1.256,10,0.8,1.256
19.104,0.00073674,-0.00095709,1,1.258,10,0.8,1.258
19.086,0.00073272,-0.00096317,1,1.26,10,0.8,1.26
19.068,0.0007287,-0.00096924,1,1.262,10,0.8,1.262
19.05,0.00072468,-0.00097531,1,1.264,10,0.8,1.264
19.032,0.00072066,-0.00098139,1,1.266,10,0.8,1.266
19.013,0.0007165,-0.00098716,1,1.268,10,0.8,1.268
18.994,0.00071227,-0.00099277,1,1.27,10,0.8,1.27
18.975,0.00070804,-0.00099839,1,1.272,10,0.8,1.272
18.955,0.00070381,-0.001004,1,1.274,10,0.8,1.274
18.936,0.00069958,-0.0010096,1,1.276,10,0.8,1.276
18.917,0.00069535,-0.0010152,1,1.278,10,0.8,1.278
18.898,0.00069112,-0.0010208,1,1.28,10,0.8,1.28
18.878,0.00068688,-0.0010265,1,1.282,10,0.8,1.282
18.859,0.00068259,-0.0010319,1,1.284,10,0.8,1.284
18.838,0.00067818,-0.0010371,1,1.286,10,0.8,1.286
18.818,0.00067376,-0.0010422,1,1.288,10,0.8,1.288
18.797,0.00066935,-0.0010474,1,1.29,10,0.8,1.29
18.777,0.00066493,-0.0010525,1,1.292,10,0.8,1.292
18.756,0.00066052,-0.0010576,1,1.294,10,0.8,1.294
18.736,0.0006561,-0.0010628,1,1.296,10,0.8,1.296
18.715,0.00065169,-0.0010679,1,1.298,10,0.8,1.298
18.695,0.00064727,-0.0010731,1,1.3,10,0.8,1.3
18.673,0.00064271,-0.0010776,1,1.302,10,0.8,1.302
18.651,0.00063816,-0.0010822,1,1.304,10,0.8,1.304
18.63,0.0006336,-0.0010868,1,1.306,10,0.8,1.306
18.608,0.00062904,-0.0010914,1,1.308,10,0.8,1.308
18.586,0.00062448,-0.0010959,1,1.31,10,0.8,1.31
18.565,0.00061992,-0.0011005,1,1.312,10,0.8,1.312
18.543,0.00061537,-0.0011051,1,1.314,10,0.8,1.314
18.521,0.00061081,-0.0011097,1,1.316,10,0.8,1.316
18.499,0.00060613,-0.0011139,1,1.318,10,0.8,1.318
18.476,0.00060139,-0.001118,1,1.32,10,0.8,1.32
18.453,0.00059666,-0.0011221,1,1.322,10,0.8,1.322
18.43,0.00059192,-0.0011263,1,1.324,10,0.8,1.324
18.406,0.00058718,-0.0011304,1,1.326,10,0.8,1.326
18.383,0.00058244,-0.0011345,1,1.328,10,0.8,1.328
18.36,0.0005777,-0.0011386,1,1.33,10,0.8,1.33
18.337,0.00057297,-0.0011427,1,1.332,10,0.8,1.332
18.314,0.00056817,-0.0011466,1,1.334,10,0.8,1.334
18.29,0.00056325,-0.0011501,1,1.336,10,0.8,1.336
18.265,0.00055833,-0.0011536,1,1.338,10,0.8,1.338
18.241,0.00055341,-0.0011572,1,1.34,10,0.8,1.34
18.217,0.00054849,-0.0011607,1,1.342,10,0.8,1.342
18.193,0.00054357,-0.0011642,1,1.344,10,0.8,1.344
18.168,0.00053865,-0.0011678,1,1.346,10,0.8,1.346
18.144,0.00053373,-0.0011713,1,1.348,10,0.8,1.348
18.12,0.00052882,-0.0011748,1,1.35,10,0.8,1.35
18.094,0.00052377,-0.0011778,1,1.352,10,0.8,1.352
18.069,0.00051872,-0.0011808,1,1.354,10,0.8,1.354
18.043,0.00051367,-0.0011839,1,1.356,10,0.8,1.356
18.018,0.00050862,-0.0011869,1,1.358,10,0.8,1.358
17.992,0.00050357,-0.0011899,1,1.36,10,0.8,1.36
17.966,0.00049852,-0.0011929,1,1.362,10,0.8,1.362
17.941,0.00049347,-0.0011959,1,1.364,10,0.8,1.364
17.915,0.00048842,-0.0011989,1,1.366,10,0.8,1.366
17.889,0.00048331,-0.0012016,1,1.368,10,0.8,1.368
17.862,0.00047815,-0.0012041,1,1.37,10,0.8,1.37
17.835,0.000473,-0.0012066,1,1.372,10,0.8,1.372
17.808,0.00046785,-0.0012091,1,1.374,10,0.8,1.374
17.781,0.0004627,-0.0012116,1,1.376,10,0.8,1.376
17.754,0.00045755,-0.0012141,1,1.378,10,0.8,1.378
17.728,0.0004524,-0.0012166,1,1.38,10,0.8,1.38
17.701,0.00044724,-0.0012191,1,1.382,10,0.8,1.382
17.673,0.00044207,-0.0012215,1,1.384,10,0.8,1.384
17.645,0.00043686,-0.0012235,1,1.386,10,0.8,1.386
17.617,0.00043165,-0.0012255,1,1.388,10,0.8,1.388
17.589,0.00042644,-0.0012276,1,1.39,10,0.8,1.39
17.56,0.00042122,-0.0012296,1,1.392,10,0.8,1.392
17.532,0.00041601,-0.0012316,1,1.394,10,0.8,1.394
17.504,0.0004108,-0.0012337,1,1.396,10,0.8,1.396
17.476,0.00040559,-0.0012357,1,1.398,10,0.8,1.398
17.448,0.00040038,-0.0012378,1,1.4,10,0.8,1.4
17.418,0.00039509,-0.0012393,1,1.402,10,0.8,1.402
17.389,0.0003898,-0.0012409,1,1.404,10,0.8,1.404
17.359,0.00038451,-0.0012424,1,1.406,10,0.8,1.406
17.329,0.00037921,-0.001244,1,1.408,10,0.8,1.408
17.3,0.00037392,-0.0012455,1,1.41,10,0.8,1.41
17.27,0.00036863,-0.0012471,1,1.412,10,0.8,1.412
17.241,0.00036334,-0.0012486,1,1.414,10,0.8,1.414
17.211,0.00035805,-0.0012502,1,1.416,10,0.8,1.416
17.181,0.00035272,-0.0012514,1,1.418,10,0.8,1.418
17.15,0.00034737,-0.0012525,1,1.42,10,0.8,1.42
17.119,0.00034203,-0.0012535,1,1.422,10,0.8,1.422
17.088,0.00033668,-0.0012546,1,1.424,10,0.8,1.424
17.057,0.00033133,-0.0012557,1,1.426,10,0.8,1.426
17.026,0.00032598,-0.0012567,1,1.428,10,0.8,1.428
16.995,0.00032063,-0.0012578,1,1.43,10,0.8,1.43
16.964,0.00031528,-0.0012589,1,1.432,10,0.8,1.432
16.933,0.00030992,-0.0012598,1,1.434,10,0.8,1.434
16.901,0.00030452,-0.0012604,1,1.436,10,0.8,1.436
16.868,0.00029911,-0.001261,1,1.438,10,0.8,1.438
16.836,0.00029371,-0.0012616,1,1.44,10,0.8,1.44
16.804,0.00028831,-0.0012622,1,1.442,10,0.8,1.442
16.771,0.00028291,-0.0012628,1,1.444,10,0.8,1.444
16.739,0.00027751,-0.0012634,1,1.446,10,0.8,1.446
16.707,0.00027211,-0.001264,1,1.448,10,0.8,1.448
16.675,0.0002667,-0.0012646,1,1.45,10,0.8,1.45
16.641,0.00026126,-0.0012648,1,1.452,10,0.8,1.452
16.607,0.00025583,-0.0012649,1,1.454,10,0.8,1.454
16.574,0.00025039,-0.0012651,1,1.456,10,0.8,1.456
16.54,0.00024495,-0.0012652,1,1.458,10,0.8,1.458
16.506,0.00023951,-0.0012654,1,1.46,10,0.8,1.46
16.472,0.00023407,-0.0012655,1,1.462,10,0.8,1.462
16.439,0.00022863,-0.0012657,1,1.464,10,0.8,1.464
16.405,0.0002232,-0.0012658,1,1.466,10,0.8,1.466
16.37,0.00021779,-0.0012657,1,1.468,10,0.8,1.468
16.335,0.0002124,-0.0012654,1,1.47,10,0.8,1.47
16.3,0.00020701,-0.0012651,1,1.472,10,0.8,1.472
16.265,0.00020163,-0.0012648,1,1.474,10,0.8,1.474
16.23,0.00019624,-0.0012645,1,1.476,10,0.8,1.476
16.195,0.00019085,-0.0012642,1,1.478,10,0.8,1.478
16.16,0.00018546,-0.0012639,1,1.48,10,0.8,1.48
16.125,0.00018007,-0.0012636,1,1.482,10,0.8,1.482
16.089,0.0001747,-0.0012631,1,1.484,10,0.8,1.484
16.052,0.00016936,-0.0012623,1,1.486,10,0.8,1.486
16.016,0.00016402,-0.0012616,1,1.488,10,0.8,1.488
15.979,0.00015868,-0.0012608,1,1.49,10,0.8,1.49
15.943,0.00015333,-0.00126,1,1.492,10,0.8,1.492
15.906,0.00014799,-0.0012592,1,1.494,10,0.8,1.494
15.87,0.00014265,-0.0012584,1,1.496,10,0.8,1.496
15.833,0.00013731,-0.0012577,1,1.498,10,0.8,1.498
15.797,0.00013197,-0.0012569,1,1.5,10,0.8,1.5
15.758,0.00012671,-0.0012557,1,1.502,10,0.8,1.502
15.72,0.00012145,-0.0012546,1,1.504,10,0.8,1.504
15.682,0.00011619,-0.0012534,1,1.506,10,0.8,1.506
15.644,0.00011092,-0.0012523,1,1.508,10,0.8,1.508
15.606,0.00010566,-0.0012511,1,1.51,10,0.8,1.51
15.568,0.0001004,-0.00125,1,1.512,10,0.8,1.512
15.53,9.5142e-05,-0.0012488,1,1.514,10,0.8,1.514
15.492,8.9881e-05,-0.0012476,1,1.516,10,0.8,1.516
15.453,8.4748e-05,-0.0012463,1,1.518,10,0.8,1.518
15.414,7.9678e-05,-0.0012447,1,1.52,10,0.8,1.52
15.374,7.4609e-05,-0.0012432,1,1.522,10,0.8,1.522
15.335,6.9539e-05,-0.0012417,1,1.524,10,0.8,1.524
15.295,6.4469e-05,-0.0012402,1,1.526,10,0.8,1.526
15.256,5.94e-05,-0.0012387,1,1.528,10,0.8,1.528
15.216,5.4331e-05,-0.0012372,1,1.53,10,0.8,1.53
15.177,4.9261e-05,-0.0012357,1,1.532,10,0.8,1.532
15.137,4.4218e-05,-0.001234,1,1.534,10,0.8,1.534
15.096,3.9229e-05,-0.0012321,1,1.536,10,0.8,1.536
15.055,3.424e-05,-0.0012302,1,1.538,10,0.8,1.538
15.014,2.9251e-05,-0.0012282,1,1.54,10,0.8,1.54
14.973,2.4261e-05,-0.0012263,1,1.542,10,0.8,1.542
14.931,1.9272e-05,-0.0012244,1,1.544,10,0.8,1.544
14.89,1.4283e-05,-0.0012224,1,1.546,10,0.8,1.546
14.849,9.2937e-06,-0.0012205,1,1.548,10,0.8,1.548
14.808,4.3045e-06,-0.0012185,1,1.55,10,0.8,1.55
14.766,-4.9731e-07,-0.0012163,1,1.552,10,0.8,1.552
14.723,-5.2988e-06,-0.0012141,1,1.554,10,0.8,1.554
14.681,-1.01e-05,-0.0012118,1,1.556,10,0.8,1.556
14.638,-1.4902e-05,-0.0012096,1,1.558,10,0.8,1.558
14.596,-1.9703e-05,-0.0012074,1,1.56,10,0.8,1.56
14.553,-2.4505e-05,-0.0012051,1,1.562,10,0.8,1.562
14.511,-2.9307e-05,-0.0012029,1,1.564,10,0.8,1.564
14.468,-3.4108e-05,-0.0012006,1,1.566,10,0.8,1.566
14.424,-3.8767e-05,-0.0011981,1,1.568,10,0.8,1.568
14.38,-4.3355e-05,-0.0011955,1,1.57,10,0.8,1.57
14.336,-4.7943e-05,-0.0011929,1,1.572,10,0.8,1.572
14.292,-5.2531e-05,-0.0011902,1,1.574,10,0.8,1.574
14.248,-5.7119e-05,-0.0011876,1,1.576,10,0.8,1.576
14.204,-6.1707e-05,-0.001185,1,1.578,10,0.8,1.578
14.16,-6.6295e-05,-0.0011823,1,1.58,10,0.8,1.58
14.116,-7.0883e-05,-0.0011797,1,1.582,10,0.8,1.582
14.071,-7.5397e-05,-0.0011769,1,1.584,10,0.8,1.584
14.025,-7.9761e-05,-0.0011739,1,1.586,10,0.8,1.586
13.98,-8.4126e-05,-0.0011709,1,1.588,10,0.8,1.588
13.934,-8.8491e-05,-0.0011678,1,1.59,10,0.8,1.59
13.888,-9.2855e-05,-0.0011648,1,1.592,10,0.8,1.592
13.843,-9.722e-05,-0.0011618,1,1.594,10,0.8,1.594
13.797,-0.00010158,-0.0011588,1,1.596,10,0.8,1.596
13.751,-0.00010595,-0.0011557,1,1.598,10,0.8,1.598
13.705,-0.00011031,-0.0011527,1,1.6,10,0.8,1.6
13.658,-0.00011442,-0.0011494,1,1.602,10,0.8,1.602
13.611,-0.00011853,-0.001146,1,1.604,10,0.8,1.604
13.564,-0.00012264,-0.0011427,1,1.606,10,0.8,1.606
13.516,-0.00012676,-0.0011394,1,1.608,10,0.8,1.608
13.469,-0.00013087,-0.0011361,1,1.61,10,0.8,1.61
13.422,-0.00013498,-0.0011327,1,1.612,10,0.8,1.612
13.374,-0.00013909,-0.0011294,1,1.614,10,0.8,1.614
13.327,-0.0001432,-0.0011261,1,1.616,10,0.8,1.616
13.279,-0.00014712,-0.0011225,1,1.618,10,0.8,1.618
13.23,-0.00015095,-0.0011189,1,1.62,10,0.8,1.62
13.181,-0.00015478,-0.0011153,1,1.622,10,0.8,1.622
13.132,-0.00015861,-0.0011117,1,1.624,10,0.8,1.624
13.083,-0.00016243,-0.001108,1,1.626,10,0.8,1.626
13.034,-0.00016626,-0.0011044,1,1.628,10,0.8,1.628
12.985,-0.00017009,-0.0011008,1,1.63,10,0.8,1.63
12.936,-0.00017392,-0.0010972,1,1.632,10,0.8,1.632
12.887,-0.00017765,-0.0010935,1,1.634,10,0.8,1.634
12.836,-0.00018117,-0.0010896,1,1.636,10,0.8,1.636
12.786,-0.00018469,-0.0010858,1,1.638,10,0.8,1.638
12.735,-0.00018821,-0.0010819,1,1.64,10,0.8,1.64
12.685,-0.00019174,-0.0010781,1,1.642,10,0.8,1.642
12.634,-0.00019526,-0.0010742,1,1.644,10,0.8,1.644
12.583,-0.00019878,-0.0010704,1,1.646,10,0.8,1.646
12.533,-0.0002023,-0.0010665,1,1.648,10,0.8,1.648
12.482,-0.00020583,-0.0010627,1,1.65,10,0.8,1.65
12.43,-0.00020904,-0.0010586,1,1.652,10,0.8,1.652
12.378,-0.00021225,-0.0010545,1,1.654,10,0.8,1.654
12.326,-0.00021546,-0.0010504,1,1.656,10,0.8,1.656
12.273,-0.00021867,-0.0010463,1,1.658,10,0.8,1.658
12.221,-0.00022189,-0.0010422,1,1.66,10,0.8,1.66
12.169,-0.0002251,-0.0010381,1,1.662,10,0.8,1.662
12.117,-0.00022831,-0.0010341,1,1.664,10,0.8,1.664
12.064,-0.00023152,-0.00103,1,1.666,10,0.8,1.666
12.011,-0.00023451,-0.0010258,1,1.668,10,0.8,1.668
11.957,-0.00023739,-0.0010215,1,1.67,10,0.8,1.67
11.903,-0.00024026,-0.0010172,1,1.672,10,0.8,1.672
11.849,-0.00024314,-0.0010129,1,1.674,10,0.8,1.674
11.795,-0.00024601,-0.0010087,1,1.676,10,0.8,1.676
11.741,-0.00024889,-0.0010044,1,1.678,10,0.8,1.678
11.687,-0.00025177,-0.0010001,1,1.68,10,0.8,1.68
11.633,-0.00025464,-0.00099581,1,1.682,10,0.8,1.682
11.579,-0.0002574,-0.00099149,1,1.684,10,0.8,1.684
11.523,-0.00025993,-0.00098707,1,1.686,10,0.8,1.686
11.467,-0.00026246,-0.00098265,1,1.688,10,0.8,1.688
11.411,-0.00026499,-0.00097823,1,1.69,10,0.8,1.69
11.356,-0.00026752,-0.00097382,1,1.692,10,0.8,1.692
11.3,-0.00027005,-0.0009694,1,1.694,10,0.8,1.694
11.244,-0.00027258,-0.00096498,1,1.696,10,0.8,1.696
11.189,-0.00027511,-0.00096056,1,1.698,10,0.8,1.698
11.133,-0.00027764,-0.00095614,1,1.7,10,0.8,1.7
11.075,-0.00027982,-0.00095162,1,1.702,10,0.8,1.702
11.018,-0.00028201,-0.00094709,1,1.704,10,0.8,1.704
10.961,-0.00028419,-0.00094257,1,1.706,10,0.8,1.706
10.903,-0.00028637,-0.00093804,1,1.708,10,0.8,1.708
10.846,-0.00028855,-0.00093352,1,1.71,10,0.8,1.71
10.788,-0.00029073,-0.00092899,1,1.712,10,0.8,1.712
10.731,-0.00029292,-0.00092447,1,1.714,10,0.8,1.714
10.673,-0.0002951,-0.00091994,1,1.716,10,0.8,1.716
10.614,-0.00029703,-0.00091535,1,1.718,10,0.8,1.718
10.555,-0.00029885,-0.00091074,1,1.72,10,0.8,1.72
10.496,-0.00030066,-0.00090612,1,1.722,10,0.8,1.722
10.437,-0.00030247,-0.0009015,1,1.724,10,0.8,1.724
10.377,-0.00030428,-0.00089688,1,1.726,10,0.8,1.726
10.318,-0.0003061,-0.00089226,1,1.728,10,0.8,1.728
10.259,-0.00030791,-0.00088765,1,1.73,10,0.8,1.73
10.2,-0.00030972,-0.00088303,1,1.732,10,0.8,1.732
10.14,-0.00031141,-0.00087839,1,1.734,10,0.8,1.734
10.079,-0.00031287,-0.00087371,1,1.736,10,0.8,1.736
10.018,-0.00031432,-0.00086902,1,1.738,10,0.8,1.738
9.9564,-0.00031577,-0.00086434,1,1.74,10,0.8,1.74
9.8953,-0.00031722,-0.00085966,1,1.742,10,0.8,1.742
9.8342,-0.00031867,-0.00085497,1,1.744,10,0.8,1.744
9.7731,-0.00032012,-0.00085029,1,1.746,10,0.8,1.746
9.712,-0.00032158,-0.00084561,1,1.748,10,0.8,1.748
9.6509,-0.00032303,-0.00084093,1,1.75,10,0.8,1.75
9.588,-0.00032411,-0.00083622,1,1.752,10,0.8,1.752
9.525,-0.0003252,-0.00083152,1,1.754,10,0.8,1.754
9.4621,-0.00032628,-0.00082682,1,1.756,10,0.8,1.756
9.3991,-0.00032737,-0.00082212,1,1.758,10,0.8,1.758
9.3361,-0.00032845,-0.00081742,1,1.76,10,0.8,1.76
9.2732,-0.00032954,-0.00081271,1,1.762,10,0.8,1.762
9.2102,-0.00033062,-0.00080801,1,1.764,10,0.8,1.764
9.1473,-0.00033171,-0.00080331,1,1.766,10,0.8,1.766
9.0831,-0.00033255,-0.0007986,1,1.768,10,0.8,1.768
9.0182,-0.00033327,-0.00079389,1,1.77,10,0.8,1.77
8.9534,-0.00033399,-0.00078918,1,1.772,10,0.8,1.772
8.8885,-0.00033471,-0.00078447,1,1.774,10,0.8,1.774
8.8237,-0.00033543,-0.00077976,1,1.776,10,0.8,1.776
8.7588,-0.00033615,-0.00077505,1,1.778,10,0.8,1.778
8.694,-0.00033687,-0.00077034,1,1.78,10,0.8,1.78
8.6291,-0.00033759,-0.00076563,1,1.782,10,0.8,1.782
8.5636,-0.00033818,-0.00076094,1,1.784,10,0.8,1.784
8.4968,-0.00033851,-0.00075627,1,1.786,10,0.8,1.786
8.4301,-0.00033885,-0.0007516,1,1.788,10,0.8,1.788
8.3633,-0.00033919,-0.00074693,1,1.79,10,0.8,1.79
8.2965,-0.00033952,-0.00074226,1,1.792,10,0.8,1.792
8.2297,-0.00033986,-0.00073759,1,1.794,10,0.8,1.794
8.163,-0.0003402,-0.00073292,1,1.796,10,0.8,1.796
8.0962,-0.00034054,-0.00072825,1,1.798,10,0.8,1.798
8.0294,-0.00034087,-0.00072358,1,1.8,10,0.8,1.8
7.9607,-0.00034085,-0.00071896,1,1.802,10,0.8,1.802
7.892,-0.00034083,-0.00071434,1,1.804,10,0.8,1.804
7.8232,-0.00034081,-0.00070971,1,1.806,10,0.8,1.806
7.7545,-0.00034078,-0.00070509,1,1.808,10,0.8,1.808
7.6858,-0.00034076,-0.00070047,1,1.81,10,0.8,1.81
7.6171,-0.00034074,-0.00069585,1,1.812,10,0.8,1.812
7.5483,-0.00034072,-0.00069123,1,1.814,10,0.8,1.814
7.4796,-0.00034069,-0.00068661,1,1.816,10,0.8,1.816
7.4095,-0.00034043,-0.00068203,1,1.818,10,0.8,1.818
7.3388,-0.00034005,-0.00067749,1,1.82,10,0.8,1.82
7.2681,-0.00033967,-0.00067294,1,1.822,10,0.8,1.822
7.1974,-0.00033929,-0.00066839,1,1.824,10,0.8,1.824
7.1267,-0.00033891,-0.00066385,1,1.826,10,0.8,1.826
7.0559,-0.00033853,-0.0006593,1,1.828,10,0.8,1.828
6.9852,-0.00033814,-0.00065475,1,1.83,10,0.8,1.83
6.9145,-0.00033776,-0.00065021,1,1.832,10,0.8,1.832
6.8431,-0.00033726,-0.00064571,1,1.834,10,0.8,1.834
6.7704,-0.00033652,-0.0006413,1,1.836,10,0.8,1.836
6.6976,-0.00033577,-0.00063689,1,1.838,10,0.8,1.838
6.6249,-0.00033503,-0.00063248,1,1.84,10,0.8,1.84
6.5521,-0.00033429,-0.00062807,1,1.842,10,0.8,1.842
6.4794,-0.00033354,-0.00062366,1,1.844,10,0.8,1.844
6.4067,-0.0003328,-0.00061925,1,1.846,10,0.8,1.846
6.3339,-0.00033206,-0.00061484,1,1.848,10,0.8,1.848
6.2612,-0.00033131,-0.00061043,1,1.85,10,0.8,1.85
6.1864,-0.00033023,-0.00060633,1,1.852,10,0.8,1.852
6.1116,-0.00032915,-0.00060222,1,1.854,10,0.8,1.854
6.0368,-0.00032807,-0.00059811,1,1.856,10,0.8,1.856
5.962,-0.00032698,-0.000594,1,1.858,10,0.8,1.858
5.8872,-0.0003259,-0.00058989,1,1.86,10,0.8,1.86
5.8124,-0.00032482,-0.00058578,1,1.862,10,0.8,1.862
5.7376,-0.00032374,-0.00058167,1,1.864,10,0.8,1.864
5.6628,-0.00032266,-0.00057756,1,1.866,10,0.8,1.866
5.5866,-0.00032133,-0.00057396,1,1.868,10,0.8,1.868
5.5097,-0.00031989,-0.00057061,1,1.87,10,0.8,1.87
5.4328,-0.00031845,-0.00056725,1,1.872,10,0.8,1.872
5.3559,-0.00031701,-0.0005639,1,1.874,10,0.8,1.874
5.279,-0.00031557,-0.00056055,1,1.876,10,0.8,1.876
5.2021,-0.00031413,-0.0005572,1,1.878,10,0.8,1.878
5.1252,-0.00031269,-0.00055384,1,1.88,10,0.8,1.88
5.0484,-0.00031125,-0.00055049,1,1.882,10,0.8,1.882
4.9708,-0.0003097,-0.00054767,1,1.884,10,0.8,1.884
4.8917,-0.00030792,-0.00054592,1,1.886,10,0.8,1.886
4.8127,-0.00030613,-0.00054416,1,1.888,10,0.8,1.888
4.7337,-0.00030435,-0.00054241,1,1.89,10,0.8,1.89
4.6547,-0.00030256,-0.00054066,1,1.892,10,0.8,1.892
4.5757,-0.00030078,-0.00053891,1,1.894,10,0.8,1.894
4.4967,-0.000299,-0.00053715,1,1.896,10,0.8,1.896
4.4177,-0.00029721,-0.0005354,1,1.898,10,0.8,1.898
4.3387,-0.00029543,-0.00053365,1,1.9,10,0.8,1.9
4.2575,-0.0002933,-0.00053447,1,1.902,10,0.8,1.902
4.1764,-0.00029118,-0.0005353,1,1.904,10,0.8,1.904
4.0952,-0.00028905,-0.00053613,1,1.906,10,0.8,1.906
4.014,-0.00028693,-0.00053696,1,1.908,10,0.8,1.908
3.9329,-0.0002848,-0.00053779,1,1.91,10,0.8,1.91
3.8517,-0.00028268,-0.00053861,1,1.912,10,0.8,1.912
3.7705,-0.00028055,-0.00053944,1,1.914,10,0.8,1.914
3.6894,-0.00027842,-0.00054027,1,1.916,10,0.8,1.916
3.6067,-0.00027608,-0.00054254,1,1.918,10,0.8,1.918
3.5233,-0.00027362,-0.00054552,1,1.92,10,0.8,1.92
3.4399,-0.00027116,-0.00054851,1,1.922,10,0.8,1.922
3.3564,-0.0002687,-0.0005515,1,1.924,10,0.8,1.924
3.273,-0.00026625,-0.00055448,1,1.926,10,0.8,1.926
3.1896,-0.00026379,-0.00055747,1,1.928,10,0.8,1.928
3.1062,-0.00026133,-0.00056045,1,1.93,10,0.8,1.93
3.0228,-0.00025887,-0.00056344,1,1.932,10,0.8,1.932
2.9386,-0.0002563,-0.00056515,1,1.934,10,0.8,1.934
2.853,-0.0002535,-0.0005643,1,1.936,10,0.8,1.936
2.7674,-0.00025069,-0.00056346,1,1.938,10,0.8,1.938
2.6819,-0.00024789,-0.00056261,1,1.94,10,0.8,1.94
2.5963,-0.00024509,-0.00056176,1,1.942,10,0.8,1.942
2.5107,-0.00024229,-0.00056092,1,1.944,10,0.8,1.944
2.4251,-0.00023949,-0.00056007,1,1.946,10,0.8,1.946
2.3395,-0.00023668,-0.00055922,1,1.948,10,0.8,1.948
2.2539,-0.00023388,-0.00055838,1,1.95,10,0.8,1.95
2.1663,-0.00023082,-0.00053751,1,1.952,10,0.8,1.952
2.0787,-0.00022777,-0.00051664,1,1.954,10,0.8,1.954
1.9911,-0.00022471,-0.00049577,1,1.956,10,0.8,1.956
1.9035,-0.00022165,-0.0004749,1,1.958,10,0.8,1.958
1.8159,-0.0002186,-0.00045403,1,1.96,10,0.8,1.96
1.7282,-0.00021554,-0.00043316,1,1.962,10,0.8,1.962
1.6406,-0.00021248,-0.0004123,1,1.964,10,0.8,1.964
1.553,-0.00020942,-0.00039143,1,1.966,10,0.8,1.966
1.462,-0.00020625,-0.00036558,1,1.968,10,0.8,1.968
1.3694,-0.00020301,-0.00033725,1,1.97,10,0.8,1.97
1.2767,-0.00019977,-0.00030891,1,1.972,10,0.8,1.972
1.1841,-0.00019654,-0.00028058,1,1.974,10,0.8,1.974
1.0914,-0.0001933,-0.00025225,1,1.976,10,0.8,1.976
0.99879,-0.00019007,-0.00022391,1,1.978,10,0.8,1.978
0.90614,-0.00018683,-0.00019558,1,1.98,10,0.8,1.98
0.81349,-0.00018359,-0.00016725,1,1.982,10,0.8,1.982
0.72162,-0.00017434,-0.0001367,1,1.984,10,0.8,1.984
0.63132,-0.00015303,-0.00010171,1,1.986,10,0.8,1.986
0.54101,-0.00013173,-6.6727e-05,1,1.988,10,0.8,1.988
0.45071,-0.00011043,-3.1742e-05,1,1.99,10,0.8,1.99
0.3604,-8.9122e-05,3.2428e-06,1,1.992,10,0.8,1.992
0.2701,-6.7819e-05,3.8228e-05,1,1.994,10,0.8,1.994
0.17979,-4.6515e-05,7.3215e-05,1,1.996,10,0.8,1.996
0.089482,-2.5212e-05,0.0001082,1,1.998,10,0.8,1.998
-0.00082214,-3.9091e-06,0.00014318,1,2,10,0.8,2
