"u:0","u:1","u:2","vtkValidPointMask","arc_length","Points:0","Points:1","Points:2"
-0.00045604,-1.3545e-06,0.00029968,1,0,10,0,1
0.22469,-1.5401e-05,0.00027773,1,0.002,10,0.002,1
0.44984,-2.9446e-05,0.00025577,1,0.004,10,0.004,1
0.67499,-4.3492e-05,0.00023382,1,0.006,10,0.006,1
0.90014,-5.7538e-05,0.00021187,1,0.008,10,0.008,1
1.1253,-7.1584e-05,0.00018991,1,0.01,10,0.01,1
1.3504,-8.563e-05,0.00016796,1,0.012,10,0.012,1
1.5756,-9.9676e-05,0.00014601,1,0.014,10,0.014,1
1.8007,-0.00011372,0.00012405,1,0.016,10,0.016,1
2.0259,-0.00012777,0.0001021,1,0.018,10,0.018,1
2.251,-0.00014181,8.0145e-05,1,0.02,10,0.02,1
2.4762,-0.00015586,5.8192e-05,1,0.022,10,0.022,1
2.7013,-0.00016991,3.6238e-05,1,0.024,10,0.024,1
2.9265,-0.00018395,1.4285e-05,1,0.026,10,0.026,1
3.1516,-0.000198,-7.6687e-06,1,0.028,10,0.028,1
3.3768,-0.00021204,-2.9622e-05,1,0.03,10,0.03,1
3.6019,-0.00022609,-5.1576e-05,1,0.032,10,0.032,1
3.8271,-0.00024014,-7.3529e-05,1,0.034,10,0.034,1
4.0522,-0.00025418,-9.5483e-05,1,0.036,10,0.036,1
4.2774,-0.00026823,-0.00011744,1,0.038,10,0.038,1
4.5025,-0.00028227,-0.00013939,1,0.04,10,0.04,1
4.7277,-0.00029632,-0.00016134,1,0.042,10,0.042,1
4.9528,-0.00031037,-0.0001833,1,0.044,10,0.044,1
5.178,-0.00032441,-0.00020525,1,0.046,10,0.046,1
5.4031,-0.00033846,-0.0002272,1,0.048,10,0.048,1
5.6283,-0.0003525,-0.00024916,1,0.05,10,0.05,1
5.7655,-0.00035371,-0.00025297,1,0.052,10,0.052,1
5.9027,-0.00035492,-0.00025678,1,0.054,10,0.054,1
6.0399,-0.00035613,-0.00026059,1,0.056,10,0.056,1
6.1771,-0.00035734,-0.0002644,1,0.058,10,0.058,1
6.3143,-0.00035855,-0.00026821,1,0.06,10,0.06,1
6.4515,-0.00035976,-0.00027202,1,0.062,10,0.062,1
6.5887,-0.00036096,-0.00027583,1,0.064,10,0.064,1
6.7259,-0.00036217,-0.00027964,1,0.066,10,0.066,1
6.8631,-0.00036338,-0.00028345,1,0.068,10,0.068,1
7.0002,-0.00036459,-0.00028726,1,0.07,10,0.07,1
7.1374,-0.0003658,-0.00029107,1,0.072,10,0.072,1
7.2746,-0.00036701,-0.00029488,1,0.074,10,0.074,1
7.4118,-0.00036822,-0.00029869,1,0.076,10,0.076,1
7.549,-0.00036942,-0.0003025,1,0.078,10,0.078,1
7.6862,-0.00037063,-0.00030631,1,0.08,10,0.08,1
7.8234,-0.00037184,-0.00031012,1,0.082,10,0.082,1
7.9606,-0.00037305,-0.00031393,1,0.084,10,0.084,1
8.0978,-0.00037426,-0.00031775,1,0.086,10,0.086,1
8.235,-0.00037547,-0.00032156,1,0.088,10,0.088,1
8.3722,-0.00037668,-0.00032537,1,0.09,10,0.09,1
8.5094,-0.00037789,-0.00032918,1,0.092,10,0.092,1
8.6466,-0.00037909,-0.00033299,1,0.094,10,0.094,1
8.7838,-0.0003803,-0.0003368,1,0.096,10,0.096,1
8.921,-0.00038151,-0.00034061,1,0.098,10,0.098,1
9.0582,-0.00038272,-0.00034442,1,0.1,10,0.1,1
9.1422,-0.00037836,-0.00034566,1,0.102,10,0.102,1
9.2262,-0.000374,-0.0003469,1,0.104,10,0.104,1
9.3102,-0.00036964,-0.00034814,1,0.106,10,0.106,1
9.3942,-0.00036528,-0.00034938,1,0.108,10,0.108,1
9.4782,-0.00036092,-0.00035062,1,0.11,10,0.11,1
9.5623,-0.00035656,-0.00035186,1,0.112,10,0.112,1
9.6463,-0.0003522,-0.00035309,1,0.114,10,0.114,1
9.7303,-0.00034785,-0.00035433,1,0.116,10,0.116,1
9.8143,-0.00034349,-0.00035557,1,0.118,10,0.118,1
9.8983,-0.00033913,-0.00035681,1,0.12,10,0.12,1
9.9823,-0.00033477,-0.00035805,1,0.122,10,0.122,1
10.066,-0.00033041,-0.00035929,1,0.124,10,0.124,1
10.15,-0.00032605,-0.00036053,1,0.126,10,0.126,1
10.234,-0.00032169,-0.00036177,1,0.128,10,0.128,1
10.318,-0.00031733,-0.00036301,1,0.13,10,0.13,1
10.402,-0.00031297,-0.00036425,1,0.132,10,0.132,1
10.486,-0.00030861,-0.00036549,1,0.134,10,0.134,1
10.57,-0.00030425,-0.00036673,1,0.136,10,0.136,1
10.654,-0.00029989,-0.00036797,1,0.138,10,0.138,1
10.738,-0.00029553,-0.00036921,1,0.14,10,0.14,1
10.822,-0.00029117,-0.00037045,1,0.142,10,0.142,1
10.906,-0.00028682,-0.00037169,1,0.144,10,0.144,1
10.99,-0.00028246,-0.00037293,1,0.146,10,0.146,1
11.074,-0.0002781,-0.00037417,1,0.148,10,0.148,1
11.158,-0.00027374,-0.00037541,1,0.15,10,0.15,1
11.21,-0.00026821,-0.00037577,1,0.152,10,0.152,1
11.262,-0.00026269,-0.00037613,1,0.154,10,0.154,1
11.314,-0.00025716,-0.0003765,1,0.156,10,0.156,1
11.366,-0.00025163,-0.00037686,1,0.158,10,0.158,1
11.418,-0.00024611,-0.00037723,1,0.16,10,0.16,1
11.469,-0.00024058,-0.00037759,1,0.162,10,0.162,1
11.521,-0.00023505,-0.00037796,1,0.164,10,0.164,1
11.573,-0.00022953,-0.00037832,1,0.166,10,0.166,1
11.625,-0.000224,-0.00037869,1,0.168,10,0.168,1
11.677,-0.00021848,-0.00037905,1,0.17,10,0.17,1
11.729,-0.00021295,-0.00037942,1,0.172,10,0.172,1
11.78,-0.00020742,-0.00037978,1,0.174,10,0.174,1
11.832,-0.0002019,-0.00038014,1,0.176,10,0.176,1
11.884,-0.00019637,-0.00038051,1,0.178,10,0.178,1
11.936,-0.00019085,-0.00038087,1,0.18,10,0.18,1
11.988,-0.00018532,-0.00038124,1,0.182,10,0.182,1
12.04,-0.00017979,-0.0003816,1,0.184,10,0.184,1
12.091,-0.00017427,-0.00038197,1,0.186,10,0.186,1
12.143,-0.00016874,-0.00038233,1,0.188,10,0.188,1
12.195,-0.00016321,-0.0003827,1,0.19,10,0.19,1
12.247,-0.00015769,-0.00038306,1,0.192,10,0.192,1
12.299,-0.00015216,-0.00038343,1,0.194,10,0.194,1
12.351,-0.00014664,-0.00038379,1,0.196,10,0.196,1
12.402,-0.00014111,-0.00038415,1,0.198,10,0.198,1
12.454,-0.00013558,-0.00038452,1,0.2,10,0.2,1
12.487,-0.00013043,-0.00038464,1,0.202,10,0.202,1
12.519,-0.00012527,-0.00038476,1,0.204,10,0.204,1
12.551,-0.00012012,-0.00038488,1,0.206,10,0.206,1
12.584,-0.00011496,-0.000385,1,0.208,10,0.208,1
12.616,-0.00010981,-0.00038512,1,0.21,10,0.21,1
12.649,-0.00010465,-0.00038524,1,0.212,10,0.212,1
12.681,-9.9497e-05,-0.00038536,1,0.214,10,0.214,1
12.713,-9.4342e-05,-0.00038548,1,0.216,10,0.216,1
12.746,-8.9187e-05,-0.00038559,1,0.218,10,0.218,1
12.778,-8.4032e-05,-0.00038571,1,0.22,10,0.22,1
12.81,-7.8876e-05,-0.00038583,1,0.222,10,0.222,1
12.843,-7.3721e-05,-0.00038595,1,0.224,10,0.224,1
12.875,-6.8566e-05,-0.00038607,1,0.226,10,0.226,1
12.907,-6.3411e-05,-0.00038619,1,0.228,10,0.228,1
12.94,-5.8256e-05,-0.00038631,1,0.23,10,0.23,1
12.972,-5.31e-05,-0.00038643,1,0.232,10,0.232,1
13.005,-4.7945e-05,-0.00038655,1,0.234,10,0.234,1
13.037,-4.279e-05,-0.00038667,1,0.236,10,0.236,1
13.069,-3.7635e-05,-0.00038679,1,0.238,10,0.238,1
13.102,-3.248e-05,-0.00038691,1,0.24,10,0.24,1
13.134,-2.7324e-05,-0.00038703,1,0.242,10,0.242,1
13.166,-2.2169e-05,-0.00038715,1,0.244,10,0.244,1
13.199,-1.7014e-05,-0.00038727,1,0.246,10,0.246,1
13.231,-1.1859e-05,-0.00038739,1,0.248,10,0.248,1
13.263,-6.7035e-06,-0.00038751,1,0.25,10,0.25,1
13.284,-2.3712e-06,-0.00038745,1,0.252,10,0.252,1
13.305,1.9611e-06,-0.00038739,1,0.254,10,0.254,1
13.325,6.2934e-06,-0.00038733,1,0.256,10,0.256,1
13.346,1.0626e-05,-0.00038726,1,0.258,10,0.258,1
13.366,1.4958e-05,-0.0003872,1,0.26,10,0.26,1
13.387,1.929e-05,-0.00038714,1,0.262,10,0.262,1
13.407,2.3623e-05,-0.00038708,1,0.264,10,0.264,1
13.428,2.7955e-05,-0.00038702,1,0.266,10,0.266,1
13.448,3.2287e-05,-0.00038696,1,0.268,10,0.268,1
13.469,3.662e-05,-0.0003869,1,0.27,10,0.27,1
13.49,4.0952e-05,-0.00038684,1,0.272,10,0.272,1
13.51,4.5284e-05,-0.00038678,1,0.274,10,0.274,1
13.531,4.9616e-05,-0.00038672,1,0.276,10,0.276,1
13.551,5.3949e-05,-0.00038666,1,0.278,10,0.278,1
13.572,5.8281e-05,-0.0003866,1,0.28,10,0.28,1
13.592,6.2613e-05,-0.00038654,1,0.282,10,0.282,1
13.613,6.6946e-05,-0.00038647,1,0.284,10,0.284,1
13.633,7.1278e-05,-0.00038641,1,0.286,10,0.286,1
13.654,7.561e-05,-0.00038635,1,0.288,10,0.288,1
13.675,7.9942e-05,-0.00038629,1,0.29,10,0.29,1
13.695,8.4275e-05,-0.00038623,1,0.292,10,0.292,1
13.716,8.8607e-05,-0.00038617,1,0.294,10,0.294,1
13.736,9.2939e-05,-0.00038611,1,0.296,10,0.296,1
13.757,9.7272e-05,-0.00038605,1,0.298,10,0.298,1
13.777,0.0001016,-0.00038599,1,0.3,10,0.3,1
13.791,0.00010502,-0.00038559,1,0.302,10,0.302,1
13.804,0.00010844,-0.00038519,1,0.304,10,0.304,1
13.817,0.00011186,-0.00038479,1,0.306,10,0.306,1
13.831,0.00011527,-0.00038439,1,0.308,10,0.308,1
13.844,0.00011869,-0.00038399,1,0.31,10,0.31,1
13.858,0.00012211,-0.0003836,1,0.312,10,0.312,1
13.871,0.00012553,-0.0003832,1,0.314,10,0.314,1
13.884,0.00012894,-0.0003828,1,0.316,10,0.316,1
13.898,0.00013236,-0.0003824,1,0.318,10,0.318,1
13.911,0.00013578,-0.000382,1,0.32,10,0.32,1
13.924,0.0001392,-0.0003816,1,0.322,10,0.322,1
13.938,0.00014261,-0.0003812,1,0.324,10,0.324,1
13.951,0.00014603,-0.00038081,1,0.326,10,0.326,1
13.964,0.00014945,-0.00038041,1,0.328,10,0.328,1
13.978,0.00015287,-0.00038001,1,0.33,10,0.33,1
13.991,0.00015628,-0.00037961,1,0.332,10,0.332,1
14.005,0.0001597,-0.00037921,1,0.334,10,0.334,1
14.018,0.00016312,-0.00037881,1,0.336,10,0.336,1
14.031,0.00016654,-0.00037841,1,0.338,10,0.338,1
14.045,0.00016995,-0.00037801,1,0.34,10,0.34,1
14.058,0.00017337,-0.00037762,1,0.342,10,0.342,1
14.071,0.00017679,-0.00037722,1,0.344,10,0.344,1
14.085,0.00018021,-0.00037682,1,0.346,10,0.346,1
14.098,0.00018362,-0.00037642,1,0.348,10,0.348,1
14.112,0.00018704,-0.00037602,1,0.35,10,0.35,1
14.121,0.00018956,-0.00037554,1,0.352,10,0.352,1
14.129,0.00019208,-0.00037506,1,0.354,10,0.354,1
14.138,0.00019459,-0.00037457,1,0.356,10,0.356,1
14.147,0.00019711,-0.00037409,1,0.358,10,0.358,1
14.156,0.00019963,-0.00037361,1,0.36,10,0.36,1
14.165,0.00020214,-0.00037313,1,0.362,10,0.362,1
14.174,0.00020466,-0.00037264,1,0.364,10,0.364,1
14.183,0.00020718,-0.00037216,1,0.366,10,0.366,1
14.192,0.00020969,-0.00037168,1,0.368,10,0.368,1
14.201,0.00021221,-0.0003712,1,0.37,10,0.37,1
14.21,0.00021473,-0.00037071,1,0.372,10,0.372,1
14.219,0.00021724,-0.00037023,1,0.374,10,0.374,1
14.228,0.00021976,-0.00036975,1,0.376,10,0.376,1
14.237,0.00022228,-0.00036927,1,0.378,10,0.378,1
14.246,0.00022479,-0.00036878,1,0.38,10,0.38,1
14.255,0.00022731,-0.0003683,1,0.382,10,0.382,1
14.264,0.00022983,-0.00036782,1,0.384,10,0.384,1
14.273,0.00023234,-0.00036734,1,0.386,10,0.386,1
14.282,0.00023486,-0.00036685,1,0.388,10,0.388,1
14.291,0.00023738,-0.00036637,1,0.39,10,0.39,1
14.3,0.00023989,-0.00036589,1,0.392,10,0.392,1
14.309,0.00024241,-0.00036541,1,0.394,10,0.394,1
14.318,0.00024493,-0.00036492,1,0.396,10,0.396,1
14.327,0.00024744,-0.00036444,1,0.398,10,0.398,1
14.336,0.00024996,-0.00036396,1,0.4,10,0.4,1
14.342,0.00025168,-0.00036346,1,0.402,10,0.402,1
14.348,0.00025341,-0.00036297,1,0.404,10,0.404,1
14.354,0.00025513,-0.00036248,1,0.406,10,0.406,1
14.361,0.00025686,-0.00036198,1,0.408,10,0.408,1
14.367,0.00025858,-0.00036149,1,0.41,10,0.41,1
14.373,0.00026031,-0.00036099,1,0.412,10,0.412,1
14.379,0.00026203,-0.0003605,1,0.414,10,0.414,1
14.386,0.00026376,-0.00036,1,0.416,10,0.416,1
14.392,0.00026548,-0.00035951,1,0.418,10,0.418,1
14.398,0.00026721,-0.00035901,1,0.42,10,0.42,1
14.404,0.00026893,-0.00035852,1,0.422,10,0.422,1
14.41,0.00027066,-0.00035802,1,0.424,10,0.424,1
14.417,0.00027238,-0.00035753,1,0.426,10,0.426,1
14.423,0.00027411,-0.00035703,1,0.428,10,0.428,1
14.429,0.00027583,-0.00035654,1,0.43,10,0.43,1
14.435,0.00027756,-0.00035605,1,0.432,10,0.432,1
14.442,0.00027928,-0.00035555,1,0.434,10,0.434,1
14.448,0.00028101,-0.00035506,1,0.436,10,0.436,1
14.454,0.00028273,-0.00035456,1,0.438,10,0.438,1
14.46,0.00028445,-0.00035407,1,0.44,10,0.44,1
14.467,0.00028618,-0.00035357,1,0.442,10,0.442,1
14.473,0.0002879,-0.00035308,1,0.444,10,0.444,1
14.479,0.00028963,-0.00035258,1,0.446,10,0.446,1
14.485,0.00029135,-0.00035209,1,0.448,10,0.448,1
14.492,0.00029308,-0.00035159,1,0.45,10,0.45,1
14.496,0.00029413,-0.00035115,1,0.452,10,0.452,1
14.501,0.00029518,-0.00035071,1,0.454,10,0.454,1
14.505,0.00029623,-0.00035026,1,0.456,10,0.456,1
14.51,0.00029728,-0.00034982,1,0.458,10,0.458,1
14.514,0.00029833,-0.00034937,1,0.46,10,0.46,1
14.519,0.00029939,-0.00034893,1,0.462,10,0.462,1
14.523,0.00030044,-0.00034849,1,0.464,10,0.464,1
14.528,0.00030149,-0.00034804,1,0.466,10,0.466,1
14.532,0.00030254,-0.0003476,1,0.468,10,0.468,1
14.537,0.00030359,-0.00034716,1,0.47,10,0.47,1
14.541,0.00030464,-0.00034671,1,0.472,10,0.472,1
14.546,0.00030569,-0.00034627,1,0.474,10,0.474,1
14.55,0.00030674,-0.00034582,1,0.476,10,0.476,1
14.555,0.00030779,-0.00034538,1,0.478,10,0.478,1
14.559,0.00030885,-0.00034494,1,0.48,10,0.48,1
14.564,0.0003099,-0.00034449,1,0.482,10,0.482,1
14.568,0.00031095,-0.00034405,1,0.484,10,0.484,1
14.573,0.000312,-0.00034361,1,0.486,10,0.486,1
14.577,0.00031305,-0.00034316,1,0.488,10,0.488,1
14.582,0.0003141,-0.00034272,1,0.49,10,0.49,1
14.586,0.00031515,-0.00034227,1,0.492,10,0.492,1
14.591,0.0003162,-0.00034183,1,0.494,10,0.494,1
14.595,0.00031726,-0.00034139,1,0.496,10,0.496,1
14.6,0.00031831,-0.00034094,1,0.498,10,0.498,1
14.604,0.00031936,-0.0003405,1,0.5,10,0.5,1
14.608,0.00031987,-0.00034027,1,0.502,10,0.502,1
14.611,0.00032037,-0.00034003,1,0.504,10,0.504,1
14.615,0.00032088,-0.0003398,1,0.506,10,0.506,1
14.618,0.00032139,-0.00033957,1,0.508,10,0.508,1
14.621,0.00032189,-0.00033933,1,0.51,10,0.51,1
14.625,0.0003224,-0.0003391,1,0.512,10,0.512,1
14.628,0.00032291,-0.00033887,1,0.514,10,0.514,1
14.632,0.00032341,-0.00033863,1,0.516,10,0.516,1
14.635,0.00032392,-0.0003384,1,0.518,10,0.518,1
14.638,0.00032443,-0.00033816,1,0.52,10,0.52,1
14.642,0.00032494,-0.00033793,1,0.522,10,0.522,1
14.645,0.00032544,-0.0003377,1,0.524,10,0.524,1
14.649,0.00032595,-0.00033746,1,0.526,10,0.526,1
14.652,0.00032646,-0.00033723,1,0.528,10,0.528,1
14.655,0.00032696,-0.000337,1,0.53,10,0.53,1
14.659,0.00032747,-0.00033676,1,0.532,10,0.532,1
14.662,0.00032798,-0.00033653,1,0.534,10,0.534,1
14.666,0.00032848,-0.0003363,1,0.536,10,0.536,1
14.669,0.00032899,-0.00033606,1,0.538,10,0.538,1
14.672,0.0003295,-0.00033583,1,0.54,10,0.54,1
14.676,0.00033001,-0.0003356,1,0.542,10,0.542,1
14.679,0.00033051,-0.00033536,1,0.544,10,0.544,1
14.683,0.00033102,-0.00033513,1,0.546,10,0.546,1
14.686,0.00033153,-0.0003349,1,0.548,10,0.548,1
14.689,0.00033203,-0.00033466,1,0.55,10,0.55,1
14.692,0.00033211,-0.00033464,1,0.552,10,0.552,1
14.695,0.00033218,-0.00033462,1,0.554,10,0.554,1
14.697,0.00033225,-0.0003346,1,0.556,10,0.556,1
14.7,0.00033233,-0.00033457,1,0.558,10,0.558,1
14.703,0.0003324,-0.00033455,1,0.56,10,0.56,1
14.705,0.00033247,-0.00033453,1,0.562,10,0.562,1
14.708,0.00033255,-0.0003345,1,0.564,10,0.564,1
14.711,0.00033262,-0.00033448,1,0.566,10,0.566,1
14.713,0.00033269,-0.00033446,1,0.568,10,0.568,1
14.716,0.00033277,-0.00033443,1,0.57,10,0.57,1
14.719,0.00033284,-0.00033441,1,0.572,10,0.572,1
14.721,0.00033291,-0.00033439,1,0.574,10,0.574,1
14.724,0.00033299,-0.00033437,1,0.576,10,0.576,1
14.727,0.00033306,-0.00033434,1,0.578,10,0.578,1
14.729,0.00033313,-0.00033432,1,0.58,10,0.58,1
14.732,0.00033321,-0.0003343,1,0.582,10,0.582,1
14.734,0.00033328,-0.00033427,1,0.584,10,0.584,1
14.737,0.00033335,-0.00033425,1,0.586,10,0.586,1
14.74,0.00033343,-0.00033423,1,0.588,10,0.588,1
14.742,0.0003335,-0.0003342,1,0.59,10,0.59,1
14.745,0.00033357,-0.00033418,1,0.592,10,0.592,1
14.748,0.00033365,-0.00033416,1,0.594,10,0.594,1
14.75,0.00033372,-0.00033414,1,0.596,10,0.596,1
14.753,0.00033379,-0.00033411,1,0.598,10,0.598,1
14.756,0.00033387,-0.00033409,1,0.6,10,0.6,1
14.758,0.00033358,-0.00033418,1,0.602,10,0.602,1
14.76,0.00033329,-0.00033428,1,0.604,10,0.604,1
14.762,0.00033301,-0.00033437,1,0.606,10,0.606,1
14.764,0.00033272,-0.00033446,1,0.608,10,0.608,1
14.766,0.00033243,-0.00033455,1,0.61,10,0.61,1
14.768,0.00033215,-0.00033465,1,0.612,10,0.612,1
14.77,0.00033186,-0.00033474,1,0.614,10,0.614,1
14.773,0.00033158,-0.00033483,1,0.616,10,0.616,1
14.775,0.00033129,-0.00033493,1,0.618,10,0.618,1
14.777,0.000331,-0.00033502,1,0.62,10,0.62,1
14.779,0.00033072,-0.00033511,1,0.622,10,0.622,1
14.781,0.00033043,-0.0003352,1,0.624,10,0.624,1
14.783,0.00033014,-0.0003353,1,0.626,10,0.626,1
14.785,0.00032986,-0.00033539,1,0.628,10,0.628,1
14.787,0.00032957,-0.00033548,1,0.63,10,0.63,1
14.789,0.00032928,-0.00033558,1,0.632,10,0.632,1
14.792,0.000329,-0.00033567,1,0.634,10,0.634,1
14.794,0.00032871,-0.00033576,1,0.636,10,0.636,1
14.796,0.00032842,-0.00033585,1,0.638,10,0.638,1
14.798,0.00032814,-0.00033595,1,0.64,10,0.64,1
14.8,0.00032785,-0.00033604,1,0.642,10,0.642,1
14.802,0.00032756,-0.00033613,1,0.644,10,0.644,1
14.804,0.00032728,-0.00033623,1,0.646,10,0.646,1
14.806,0.00032699,-0.00033632,1,0.648,10,0.648,1
14.808,0.0003267,-0.00033641,1,0.65,10,0.65,1
14.81,0.00032613,-0.00033664,1,0.652,10,0.652,1
14.812,0.00032555,-0.00033688,1,0.654,10,0.654,1
14.814,0.00032498,-0.00033711,1,0.656,10,0.656,1
14.815,0.0003244,-0.00033734,1,0.658,10,0.658,1
14.817,0.00032383,-0.00033758,1,0.66,10,0.66,1
14.819,0.00032325,-0.00033781,1,0.662,10,0.662,1
14.82,0.00032268,-0.00033804,1,0.664,10,0.664,1
14.822,0.0003221,-0.00033828,1,0.666,10,0.666,1
14.824,0.00032153,-0.00033851,1,0.668,10,0.668,1
14.826,0.00032095,-0.00033874,1,0.67,10,0.67,1
14.827,0.00032038,-0.00033898,1,0.672,10,0.672,1
14.829,0.0003198,-0.00033921,1,0.674,10,0.674,1
14.831,0.00031923,-0.00033944,1,0.676,10,0.676,1
14.832,0.00031865,-0.00033967,1,0.678,10,0.678,1
14.834,0.00031808,-0.00033991,1,0.68,10,0.68,1
14.836,0.0003175,-0.00034014,1,0.682,10,0.682,1
14.837,0.00031692,-0.00034037,1,0.684,10,0.684,1
14.839,0.00031635,-0.00034061,1,0.686,10,0.686,1
14.841,0.00031577,-0.00034084,1,0.688,10,0.688,1
14.843,0.0003152,-0.00034107,1,0.69,10,0.69,1
14.844,0.00031462,-0.00034131,1,0.692,10,0.692,1
14.846,0.00031405,-0.00034154,1,0.694,10,0.694,1
14.848,0.00031347,-0.00034177,1,0.696,10,0.696,1
14.849,0.0003129,-0.00034201,1,0.698,10,0.698,1
14.851,0.00031232,-0.00034224,1,0.7,10,0.7,1
14.852,0.00031151,-0.00034251,1,0.702,10,0.702,1
14.854,0.0003107,-0.00034277,1,0.704,10,0.704,1
14.855,0.00030989,-0.00034304,1,0.706,10,0.706,1
14.857,0.00030907,-0.00034331,1,0.708,10,0.708,1
14.858,0.00030826,-0.00034358,1,0.71,10,0.71,1
14.859,0.00030745,-0.00034384,1,0.712,10,0.712,1
14.861,0.00030664,-0.00034411,1,0.714,10,0.714,1
14.862,0.00030583,-0.00034438,1,0.716,10,0.716,1
14.864,0.00030501,-0.00034465,1,0.718,10,0.718,1
14.865,0.0003042,-0.00034492,1,0.72,10,0.72,1
14.866,0.00030339,-0.00034518,1,0.722,10,0.722,1
14.868,0.00030258,-0.00034545,1,0.724,10,0.724,1
14.869,0.00030177,-0.00034572,1,0.726,10,0.726,1
14.87,0.00030095,-0.00034599,1,0.728,10,0.728,1
14.872,0.00030014,-0.00034625,1,0.73,10,0.73,1
14.873,0.00029933,-0.00034652,1,0.732,10,0.732,1
14.875,0.00029852,-0.00034679,1,0.734,10,0.734,1
14.876,0.00029771,-0.00034706,1,0.736,10,0.736,1
14.877,0.00029689,-0.00034733,1,0.738,10,0.738,1
14.879,0.00029608,-0.00034759,1,0.74,10,0.74,1
14.88,0.00029527,-0.00034786,1,0.742,10,0.742,1
14.881,0.00029446,-0.00034813,1,0.744,10,0.744,1
14.883,0.00029365,-0.0003484,1,0.746,10,0.746,1
14.884,0.00029283,-0.00034866,1,0.748,10,0.748,1
14.886,0.00029202,-0.00034893,1,0.75,10,0.75,1
14.887,0.00029101,-0.00034914,1,0.752,10,0.752,1
14.888,0.00029,-0.00034934,1,0.754,10,0.754,1
14.889,0.000289,-0.00034955,1,0.756,10,0.756,1
14.89,0.00028799,-0.00034975,1,0.758,10,0.758,1
14.891,0.00028698,-0.00034996,1,0.76,10,0.76,1
14.892,0.00028597,-0.00035016,1,0.762,10,0.762,1
14.893,0.00028496,-0.00035037,1,0.764,10,0.764,1
14.894,0.00028395,-0.00035057,1,0.766,10,0.766,1
14.895,0.00028295,-0.00035078,1,0.768,10,0.768,1
14.896,0.00028194,-0.00035098,1,0.77,10,0.77,1
14.898,0.00028093,-0.00035119,1,0.772,10,0.772,1
14.899,0.00027992,-0.00035139,1,0.774,10,0.774,1
14.9,0.00027891,-0.0003516,1,0.776,10,0.776,1
14.901,0.0002779,-0.0003518,1,0.778,10,0.778,1
14.902,0.0002769,-0.00035201,1,0.78,10,0.78,1
14.903,0.00027589,-0.00035221,1,0.782,10,0.782,1
14.904,0.00027488,-0.00035242,1,0.784,10,0.784,1
14.905,0.00027387,-0.00035263,1,0.786,10,0.786,1
14.906,0.00027286,-0.00035283,1,0.788,10,0.788,1
14.907,0.00027185,-0.00035304,1,0.79,10,0.79,1
14.908,0.00027084,-0.00035324,1,0.792,10,0.792,1
14.91,0.00026984,-0.00035345,1,0.794,10,0.794,1
14.911,0.00026883,-0.00035365,1,0.796,10,0.796,1
14.912,0.00026782,-0.00035386,1,0.798,10,0.798,1
14.913,0.00026681,-0.00035406,1,0.8,10,0.8,1
14.914,0.00026562,-0.00035419,1,0.802,10,0.802,1
14.914,0.00026443,-0.00035432,1,0.804,10,0.804,1
14.915,0.00026325,-0.00035445,1,0.806,10,0.806,1
14.916,0.00026206,-0.00035458,1,0.808,10,0.808,1
14.917,0.00026087,-0.00035471,1,0.81,10,0.81,1
14.918,0.00025968,-0.00035484,1,0.812,10,0.812,1
14.919,0.00025849,-0.00035497,1,0.814,10,0.814,1
14.919,0.00025731,-0.0003551,1,0.816,10,0.816,1
14.92,0.00025612,-0.00035523,1,0.818,10,0.818,1
14.921,0.00025493,-0.00035536,1,0.82,10,0.82,1
14.922,0.00025374,-0.00035549,1,0.822,10,0.822,1
14.923,0.00025255,-0.00035562,1,0.824,10,0.824,1
14.924,0.00025137,-0.00035575,1,0.826,10,0.826,1
14.924,0.00025018,-0.00035588,1,0.828,10,0.828,1
14.925,0.00024899,-0.00035601,1,0.83,10,0.83,1
14.926,0.0002478,-0.00035614,1,0.832,10,0.832,1
14.927,0.00024661,-0.00035627,1,0.834,10,0.834,1
14.928,0.00024542,-0.0003564,1,0.836,10,0.836,1
14.929,0.00024424,-0.00035653,1,0.838,10,0.838,1
14.929,0.00024305,-0.00035666,1,0.84,10,0.84,1
14.93,0.00024186,-0.00035679,1,0.842,10,0.842,1
14.931,0.00024067,-0.00035692,1,0.844,10,0.844,1
14.932,0.00023948,-0.00035705,1,0.846,10,0.846,1
14.933,0.0002383,-0.00035718,1,0.848,10,0.848,1
14.934,0.00023711,-0.00035731,1,0.85,10,0.85,1
14.934,0.00023576,-0.00035752,1,0.852,10,0.852,1
14.935,0.00023441,-0.00035772,1,0.854,10,0.854,1
14.935,0.00023307,-0.00035792,1,0.856,10,0.856,1
14.936,0.00023172,-0.00035812,1,0.858,10,0.858,1
14.937,0.00023037,-0.00035833,1,0.86,10,0.86,1
14.937,0.00022903,-0.00035853,1,0.862,10,0.862,1
14.938,0.00022768,-0.00035873,1,0.864,10,0.864,1
14.938,0.00022633,-0.00035894,1,0.866,10,0.866,1
14.939,0.00022499,-0.00035914,1,0.868,10,0.868,1
14.939,0.00022364,-0.00035934,1,0.87,10,0.87,1
14.94,0.00022229,-0.00035954,1,0.872,10,0.872,1
14.941,0.00022094,-0.00035975,1,0.874,10,0.874,1
14.941,0.0002196,-0.00035995,1,0.876,10,0.876,1
14.942,0.00021825,-0.00036015,1,0.878,10,0.878,1
14.942,0.0002169,-0.00036035,1,0.88,10,0.88,1
14.943,0.00021556,-0.00036056,1,0.882,10,0.882,1
14.944,0.00021421,-0.00036076,1,0.884,10,0.884,1
14.944,0.00021286,-0.00036096,1,0.886,10,0.886,1
14.945,0.00021152,-0.00036117,1,0.888,10,0.888,1
14.945,0.00021017,-0.00036137,1,0.89,10,0.89,1
14.946,0.00020882,-0.00036157,1,0.892,10,0.892,1
14.946,0.00020748,-0.00036177,1,0.894,10,0.894,1
14.947,0.00020613,-0.00036198,1,0.896,10,0.896,1
14.948,0.00020478,-0.00036218,1,0.898,10,0.898,1
14.948,0.00020343,-0.00036238,1,0.9,10,0.9,1
14.949,0.00020192,-0.0003625,1,0.902,10,0.902,1
14.949,0.0002004,-0.00036262,1,0.904,10,0.904,1
14.949,0.00019888,-0.00036274,1,0.906,10,0.906,1
14.95,0.00019736,-0.00036286,1,0.908,10,0.908,1
14.95,0.00019584,-0.00036298,1,0.91,10,0.91,1
14.95,0.00019432,-0.0003631,1,0.912,10,0.912,1
14.951,0.0001928,-0.00036322,1,0.914,10,0.914,1
14.951,0.00019128,-0.00036334,1,0.916,10,0.916,1
14.951,0.00018976,-0.00036345,1,0.918,10,0.918,1
14.952,0.00018824,-0.00036357,1,0.92,10,0.92,1
14.952,0.00018672,-0.00036369,1,0.922,10,0.922,1
14.952,0.0001852,-0.00036381,1,0.924,10,0.924,1
14.953,0.00018368,-0.00036393,1,0.926,10,0.926,1
14.953,0.00018217,-0.00036405,1,0.928,10,0.928,1
14.953,0.00018065,-0.00036417,1,0.93,10,0.93,1
14.954,0.00017913,-0.00036429,1,0.932,10,0.932,1
14.954,0.00017761,-0.00036441,1,0.934,10,0.934,1
14.955,0.00017609,-0.00036453,1,0.936,10,0.936,1
14.955,0.00017457,-0.00036465,1,0.938,10,0.938,1
14.955,0.00017305,-0.00036477,1,0.94,10,0.94,1
14.956,0.00017153,-0.00036489,1,0.942,10,0.942,1
14.956,0.00017001,-0.00036501,1,0.944,10,0.944,1
14.956,0.00016849,-0.00036512,1,0.946,10,0.946,1
14.957,0.00016697,-0.00036524,1,0.948,10,0.948,1
14.957,0.00016545,-0.00036536,1,0.95,10,0.95,1
14.957,0.00016373,-0.00036555,1,0.952,10,0.952,1
14.957,0.00016202,-0.00036573,1,0.954,10,0.954,1
14.957,0.0001603,-0.00036591,1,0.956,10,0.956,1
14.957,0.00015858,-0.00036609,1,0.958,10,0.958,1
14.958,0.00015686,-0.00036627,1,0.96,10,0.96,1
14.958,0.00015514,-0.00036646,1,0.962,10,0.962,1
14.958,0.00015342,-0.00036664,1,0.964,10,0.964,1
14.958,0.0001517,-0.00036682,1,0.966,10,0.966,1
14.958,0.00014998,-0.000367,1,0.968,10,0.968,1
14.958,0.00014826,-0.00036719,1,0.97,10,0.97,1
14.958,0.00014654,-0.00036737,1,0.972,10,0.972,1
14.958,0.00014482,-0.00036755,1,0.974,10,0.974,1
14.958,0.0001431,-0.00036773,1,0.976,10,0.976,1
14.959,0.00014138,-0.00036792,1,0.978,10,0.978,1
14.959,0.00013966,-0.0003681,1,0.98,10,0.98,1
14.959,0.00013794,-0.00036828,1,0.982,10,0.982,1
14.959,0.00013622,-0.00036846,1,0.984,10,0.984,1
14.959,0.00013451,-0.00036865,1,0.986,10,0.986,1
14.959,0.00013279,-0.00036883,1,0.988,10,0.988,1
14.959,0.00013107,-0.00036901,1,0.99,10,0.99,1
14.959,0.00012935,-0.00036919,1,0.992,10,0.992,1
14.96,0.00012763,-0.00036937,1,0.994,10,0.994,1
14.96,0.00012591,-0.00036956,1,0.996,10,0.996,1
14.96,0.00012419,-0.00036974,1,0.998,10,0.998,1
14.96,0.00012247,-0.00036992,1,1,10,1,1
14.96,0.00012055,-0.00037017,1,1.002,10,1.002,1
14.96,0.00011863,-0.00037041,1,1.004,10,1.004,1
14.96,0.00011671,-0.00037066,1,1.006,10,1.006,1
14.959,0.00011479,-0.00037091,1,1.008,10,1.008,1
14.959,0.00011287,-0.00037115,1,1.01,10,1.01,1
14.959,0.00011095,-0.0003714,1,1.012,10,1.012,1
14.959,0.00010902,-0.00037165,1,1.014,10,1.014,1
14.959,0.0001071,-0.00037189,1,1.016,10,1.016,1
14.959,0.00010518,-0.00037214,1,1.018,10,1.018,1
14.959,0.00010326,-0.00037239,1,1.02,10,1.02,1
14.959,0.00010134,-0.00037263,1,1.022,10,1.022,1
14.958,9.9421e-05,-0.00037288,1,1.024,10,1.024,1
14.958,9.75e-05,-0.00037313,1,1.026,10,1.026,1
14.958,9.5579e-05,-0.00037337,1,1.028,10,1.028,1
14.958,9.3659e-05,-0.00037362,1,1.03,10,1.03,1
14.958,9.1738e-05,-0.00037386,1,1.032,10,1.032,1
14.958,8.9817e-05,-0.00037411,1,1.034,10,1.034,1
14.958,8.7896e-05,-0.00037436,1,1.036,10,1.036,1
14.958,8.5976e-05,-0.0003746,1,1.038,10,1.038,1
14.957,8.4055e-05,-0.00037485,1,1.04,10,1.04,1
14.957,8.2134e-05,-0.0003751,1,1.042,10,1.042,1
14.957,8.0213e-05,-0.00037534,1,1.044,10,1.044,1
14.957,7.8293e-05,-0.00037559,1,1.046,10,1.046,1
14.957,7.6372e-05,-0.00037584,1,1.048,10,1.048,1
14.957,7.4451e-05,-0.00037608,1,1.05,10,1.05,1
14.957,7.2261e-05,-0.00037634,1,1.052,10,1.052,1
14.956,7.0071e-05,-0.00037661,1,1.054,10,1.054,1
14.956,6.7881e-05,-0.00037687,1,1.056,10,1.056,1
14.955,6.5691e-05,-0.00037713,1,1.058,10,1.058,1
14.955,6.3501e-05,-0.00037739,1,1.06,10,1.06,1
14.955,6.1311e-05,-0.00037766,1,1.062,10,1.062,1
14.954,5.9121e-05,-0.00037792,1,1.064,10,1.064,1
14.954,5.6931e-05,-0.00037818,1,1.066,10,1.066,1
14.954,5.4741e-05,-0.00037844,1,1.068,10,1.068,1
14.953,5.2551e-05,-0.00037871,1,1.07,10,1.07,1
14.953,5.0361e-05,-0.00037897,1,1.072,10,1.072,1
14.953,4.8171e-05,-0.00037923,1,1.074,10,1.074,1
14.952,4.5981e-05,-0.00037949,1,1.076,10,1.076,1
14.952,4.3791e-05,-0.00037976,1,1.078,10,1.078,1
14.952,4.1601e-05,-0.00038002,1,1.08,10,1.08,1
14.951,3.9411e-05,-0.00038028,1,1.082,10,1.082,1
14.951,3.7221e-05,-0.00038054,1,1.084,10,1.084,1
14.951,3.5031e-05,-0.00038081,1,1.086,10,1.086,1
14.95,3.2841e-05,-0.00038107,1,1.088,10,1.088,1
14.95,3.0651e-05,-0.00038133,1,1.09,10,1.09,1
14.95,2.8461e-05,-0.00038159,1,1.092,10,1.092,1
14.949,2.6271e-05,-0.00038185,1,1.094,10,1.094,1
14.949,2.4081e-05,-0.00038212,1,1.096,10,1.096,1
14.948,2.1891e-05,-0.00038238,1,1.098,10,1.098,1
14.948,1.9701e-05,-0.00038264,1,1.1,10,1.1,1
14.948,1.7236e-05,-0.00038269,1,1.102,10,1.102,1
14.947,1.4771e-05,-0.00038274,1,1.104,10,1.104,1
14.946,1.2306e-05,-0.00038279,1,1.106,10,1.106,1
14.946,9.8406e-06,-0.00038284,1,1.108,10,1.108,1
14.945,7.3757e-06,-0.00038289,1,1.11,10,1.11,1
14.945,4.9107e-06,-0.00038294,1,1.112,10,1.112,1
14.944,2.4457e-06,-0.00038299,1,1.114,10,1.114,1
14.943,-1.9397e-08,-0.00038304,1,1.116,10,1.116,1
14.943,-2.4844e-06,-0.00038309,1,1.118,10,1.118,1
14.942,-4.9493e-06,-0.00038314,1,1.12,10,1.12,1
14.942,-7.4143e-06,-0.00038319,1,1.122,10,1.122,1
14.941,-9.8793e-06,-0.00038324,1,1.124,10,1.124,1
14.94,-1.2344e-05,-0.00038329,1,1.126,10,1.126,1
14.94,-1.4809e-05,-0.00038334,1,1.128,10,1.128,1
14.939,-1.7274e-05,-0.00038339,1,1.13,10,1.13,1
14.939,-1.9739e-05,-0.00038344,1,1.132,10,1.132,1
14.938,-2.2204e-05,-0.00038349,1,1.134,10,1.134,1
14.938,-2.4669e-05,-0.00038354,1,1.136,10,1.136,1
14.937,-2.7134e-05,-0.00038359,1,1.138,10,1.138,1
14.936,-2.9599e-05,-0.00038364,1,1.14,10,1.14,1
14.936,-3.2064e-05,-0.00038369,1,1.142,10,1.142,1
14.935,-3.4529e-05,-0.00038374,1,1.144,10,1.144,1
14.935,-3.6994e-05,-0.00038379,1,1.146,10,1.146,1
14.934,-3.9459e-05,-0.00038384,1,1.148,10,1.148,1
14.933,-4.1924e-05,-0.00038389,1,1.15,10,1.15,1
14.933,-4.47e-05,-0.00038402,1,1.152,10,1.152,1
14.932,-4.7476e-05,-0.00038415,1,1.154,10,1.154,1
14.931,-5.0251e-05,-0.00038428,1,1.156,10,1.156,1
14.93,-5.3027e-05,-0.00038441,1,1.158,10,1.158,1
14.929,-5.5803e-05,-0.00038453,1,1.16,10,1.16,1
14.928,-5.8578e-05,-0.00038466,1,1.162,10,1.162,1
14.928,-6.1354e-05,-0.00038479,1,1.164,10,1.164,1
14.927,-6.413e-05,-0.00038492,1,1.166,10,1.166,1
14.926,-6.6906e-05,-0.00038505,1,1.168,10,1.168,1
14.925,-6.9681e-05,-0.00038518,1,1.17,10,1.17,1
14.924,-7.2457e-05,-0.0003853,1,1.172,10,1.172,1
14.923,-7.5233e-05,-0.00038543,1,1.174,10,1.174,1
14.923,-7.8008e-05,-0.00038556,1,1.176,10,1.176,1
14.922,-8.0784e-05,-0.00038569,1,1.178,10,1.178,1
14.921,-8.356e-05,-0.00038582,1,1.18,10,1.18,1
14.92,-8.6335e-05,-0.00038595,1,1.182,10,1.182,1
14.919,-8.9111e-05,-0.00038607,1,1.184,10,1.184,1
14.918,-9.1887e-05,-0.0003862,1,1.186,10,1.186,1
14.918,-9.4662e-05,-0.00038633,1,1.188,10,1.188,1
14.917,-9.7438e-05,-0.00038646,1,1.19,10,1.19,1
14.916,-0.00010021,-0.00038659,1,1.192,10,1.192,1
14.915,-0.00010299,-0.00038672,1,1.194,10,1.194,1
14.914,-0.00010577,-0.00038684,1,1.196,10,1.196,1
14.913,-0.00010854,-0.00038697,1,1.198,10,1.198,1
14.913,-0.00011132,-0.0003871,1,1.2,10,1.2,1
14.911,-0.00011442,-0.00038732,1,1.202,10,1.202,1
14.91,-0.00011752,-0.00038754,1,1.204,10,1.204,1
14.909,-0.00012063,-0.00038777,1,1.206,10,1.206,1
14.908,-0.00012373,-0.00038799,1,1.208,10,1.208,1
14.907,-0.00012684,-0.00038821,1,1.21,10,1.21,1
14.906,-0.00012994,-0.00038843,1,1.212,10,1.212,1
14.905,-0.00013304,-0.00038866,1,1.214,10,1.214,1
14.904,-0.00013615,-0.00038888,1,1.216,10,1.216,1
14.903,-0.00013925,-0.0003891,1,1.218,10,1.218,1
14.902,-0.00014236,-0.00038932,1,1.22,10,1.22,1
14.901,-0.00014546,-0.00038954,1,1.222,10,1.222,1
14.899,-0.00014856,-0.00038977,1,1.224,10,1.224,1
14.898,-0.00015167,-0.00038999,1,1.226,10,1.226,1
14.897,-0.00015477,-0.00039021,1,1.228,10,1.228,1
14.896,-0.00015788,-0.00039043,1,1.23,10,1.23,1
14.895,-0.00016098,-0.00039065,1,1.232,10,1.232,1
14.894,-0.00016408,-0.00039088,1,1.234,10,1.234,1
14.893,-0.00016719,-0.0003911,1,1.236,10,1.236,1
14.892,-0.00017029,-0.00039132,1,1.238,10,1.238,1
14.891,-0.00017339,-0.00039154,1,1.24,10,1.24,1
14.89,-0.0001765,-0.00039176,1,1.242,10,1.242,1
14.888,-0.0001796,-0.00039199,1,1.244,10,1.244,1
14.887,-0.00018271,-0.00039221,1,1.246,10,1.246,1
14.886,-0.00018581,-0.00039243,1,1.248,10,1.248,1
14.885,-0.00018891,-0.00039265,1,1.25,10,1.25,1
14.884,-0.00019237,-0.00039299,1,1.252,10,1.252,1
14.882,-0.00019582,-0.00039333,1,1.254,10,1.254,1
14.881,-0.00019928,-0.00039366,1,1.256,10,1.256,1
14.88,-0.00020273,-0.000394,1,1.258,10,1.258,1
14.878,-0.00020618,-0.00039434,1,1.26,10,1.26,1
14.877,-0.00020964,-0.00039468,1,1.262,10,1.262,1
14.876,-0.00021309,-0.00039502,1,1.264,10,1.264,1
14.874,-0.00021655,-0.00039535,1,1.266,10,1.266,1
14.873,-0.00022,-0.00039569,1,1.268,10,1.268,1
14.871,-0.00022345,-0.00039603,1,1.27,10,1.27,1
14.87,-0.00022691,-0.00039637,1,1.272,10,1.272,1
14.869,-0.00023036,-0.0003967,1,1.274,10,1.274,1
14.867,-0.00023382,-0.00039704,1,1.276,10,1.276,1
14.866,-0.00023727,-0.00039738,1,1.278,10,1.278,1
14.864,-0.00024072,-0.00039772,1,1.28,10,1.28,1
14.863,-0.00024418,-0.00039806,1,1.282,10,1.282,1
14.862,-0.00024763,-0.00039839,1,1.284,10,1.284,1
14.86,-0.00025109,-0.00039873,1,1.286,10,1.286,1
14.859,-0.00025454,-0.00039907,1,1.288,10,1.288,1
14.858,-0.00025799,-0.00039941,1,1.29,10,1.29,1
14.856,-0.00026145,-0.00039974,1,1.292,10,1.292,1
14.855,-0.0002649,-0.00040008,1,1.294,10,1.294,1
14.853,-0.00026836,-0.00040042,1,1.296,10,1.296,1
14.852,-0.00027181,-0.00040076,1,1.298,10,1.298,1
14.851,-0.00027526,-0.0004011,1,1.3,10,1.3,1
14.849,-0.00027906,-0.0004015,1,1.302,10,1.302,1
14.847,-0.00028285,-0.0004019,1,1.304,10,1.304,1
14.845,-0.00028664,-0.0004023,1,1.306,10,1.306,1
14.844,-0.00029043,-0.0004027,1,1.308,10,1.308,1
14.842,-0.00029422,-0.0004031,1,1.31,10,1.31,1
14.84,-0.00029801,-0.0004035,1,1.312,10,1.312,1
14.839,-0.0003018,-0.0004039,1,1.314,10,1.314,1
14.837,-0.00030559,-0.0004043,1,1.316,10,1.316,1
14.835,-0.00030938,-0.0004047,1,1.318,10,1.318,1
14.833,-0.00031317,-0.0004051,1,1.32,10,1.32,1
14.832,-0.00031696,-0.0004055,1,1.322,10,1.322,1
14.83,-0.00032075,-0.0004059,1,1.324,10,1.324,1
14.828,-0.00032454,-0.0004063,1,1.326,10,1.326,1
14.827,-0.00032834,-0.00040671,1,1.328,10,1.328,1
14.825,-0.00033213,-0.00040711,1,1.33,10,1.33,1
14.823,-0.00033592,-0.00040751,1,1.332,10,1.332,1
14.822,-0.00033971,-0.00040791,1,1.334,10,1.334,1
14.82,-0.0003435,-0.00040831,1,1.336,10,1.336,1
14.818,-0.00034729,-0.00040871,1,1.338,10,1.338,1
14.816,-0.00035108,-0.00040911,1,1.34,10,1.34,1
14.815,-0.00035487,-0.00040951,1,1.342,10,1.342,1
14.813,-0.00035866,-0.00040991,1,1.344,10,1.344,1
14.811,-0.00036245,-0.00041031,1,1.346,10,1.346,1
14.81,-0.00036624,-0.00041071,1,1.348,10,1.348,1
14.808,-0.00037003,-0.00041111,1,1.35,10,1.35,1
14.806,-0.00037413,-0.00041173,1,1.352,10,1.352,1
14.804,-0.00037824,-0.00041234,1,1.354,10,1.354,1
14.801,-0.00038234,-0.00041296,1,1.356,10,1.356,1
14.799,-0.00038644,-0.00041357,1,1.358,10,1.358,1
14.797,-0.00039054,-0.00041418,1,1.36,10,1.36,1
14.795,-0.00039464,-0.0004148,1,1.362,10,1.362,1
14.793,-0.00039874,-0.00041541,1,1.364,10,1.364,1
14.791,-0.00040285,-0.00041603,1,1.366,10,1.366,1
14.789,-0.00040695,-0.00041664,1,1.368,10,1.368,1
14.787,-0.00041105,-0.00041726,1,1.37,10,1.37,1
14.784,-0.00041515,-0.00041787,1,1.372,10,1.372,1
14.782,-0.00041925,-0.00041848,1,1.374,10,1.374,1
14.78,-0.00042336,-0.0004191,1,1.376,10,1.376,1
14.778,-0.00042746,-0.00041971,1,1.378,10,1.378,1
14.776,-0.00043156,-0.00042033,1,1.38,10,1.38,1
14.774,-0.00043566,-0.00042094,1,1.382,10,1.382,1
14.772,-0.00043976,-0.00042155,1,1.384,10,1.384,1
14.77,-0.00044386,-0.00042217,1,1.386,10,1.386,1
14.768,-0.00044797,-0.00042278,1,1.388,10,1.388,1
14.765,-0.00045207,-0.0004234,1,1.39,10,1.39,1
14.763,-0.00045617,-0.00042401,1,1.392,10,1.392,1
14.761,-0.00046027,-0.00042463,1,1.394,10,1.394,1
14.759,-0.00046437,-0.00042524,1,1.396,10,1.396,1
14.757,-0.00046847,-0.00042585,1,1.398,10,1.398,1
14.755,-0.00047258,-0.00042647,1,1.4,10,1.4,1
14.752,-0.00047694,-0.00042721,1,1.402,10,1.402,1
14.75,-0.00048131,-0.00042795,1,1.404,10,1.404,1
14.747,-0.00048568,-0.00042869,1,1.406,10,1.406,1
14.744,-0.00049005,-0.00042943,1,1.408,10,1.408,1
14.742,-0.00049442,-0.00043017,1,1.41,10,1.41,1
14.739,-0.00049878,-0.00043091,1,1.412,10,1.412,1
14.736,-0.00050315,-0.00043165,1,1.414,10,1.414,1
14.734,-0.00050752,-0.00043239,1,1.416,10,1.416,1
14.731,-0.00051189,-0.00043313,1,1.418,10,1.418,1
14.728,-0.00051626,-0.00043387,1,1.42,10,1.42,1
14.726,-0.00052062,-0.0004346,1,1.422,10,1.422,1
14.723,-0.00052499,-0.00043534,1,1.424,10,1.424,1
14.72,-0.00052936,-0.00043608,1,1.426,10,1.426,1
14.718,-0.00053373,-0.00043682,1,1.428,10,1.428,1
14.715,-0.0005381,-0.00043756,1,1.43,10,1.43,1
14.712,-0.00054246,-0.0004383,1,1.432,10,1.432,1
14.71,-0.00054683,-0.00043904,1,1.434,10,1.434,1
14.707,-0.0005512,-0.00043978,1,1.436,10,1.436,1
14.704,-0.00055557,-0.00044052,1,1.438,10,1.438,1
14.702,-0.00055994,-0.00044126,1,1.44,10,1.44,1
14.699,-0.00056431,-0.000442,1,1.442,10,1.442,1
14.696,-0.00056867,-0.00044274,1,1.444,10,1.444,1
14.694,-0.00057304,-0.00044348,1,1.446,10,1.446,1
14.691,-0.00057741,-0.00044422,1,1.448,10,1.448,1
14.688,-0.00058178,-0.00044496,1,1.45,10,1.45,1
14.685,-0.00058633,-0.00044572,1,1.452,10,1.452,1
14.682,-0.00059089,-0.00044649,1,1.454,10,1.454,1
14.678,-0.00059544,-0.00044725,1,1.456,10,1.456,1
14.675,-0.0006,-0.00044801,1,1.458,10,1.458,1
14.671,-0.00060455,-0.00044877,1,1.46,10,1.46,1
14.668,-0.00060911,-0.00044954,1,1.462,10,1.462,1
14.665,-0.00061366,-0.0004503,1,1.464,10,1.464,1
14.661,-0.00061822,-0.00045106,1,1.466,10,1.466,1
14.658,-0.00062277,-0.00045183,1,1.468,10,1.468,1
14.654,-0.00062733,-0.00045259,1,1.47,10,1.47,1
14.651,-0.00063188,-0.00045335,1,1.472,10,1.472,1
14.648,-0.00063644,-0.00045411,1,1.474,10,1.474,1
14.644,-0.00064099,-0.00045488,1,1.476,10,1.476,1
14.641,-0.00064555,-0.00045564,1,1.478,10,1.478,1
14.637,-0.0006501,-0.0004564,1,1.48,10,1.48,1
14.634,-0.00065466,-0.00045717,1,1.482,10,1.482,1
14.63,-0.00065921,-0.00045793,1,1.484,10,1.484,1
14.627,-0.00066377,-0.00045869,1,1.486,10,1.486,1
14.624,-0.00066832,-0.00045945,1,1.488,10,1.488,1
14.62,-0.00067288,-0.00046022,1,1.49,10,1.49,1
14.617,-0.00067743,-0.00046098,1,1.492,10,1.492,1
14.613,-0.00068199,-0.00046174,1,1.494,10,1.494,1
14.61,-0.00068654,-0.00046251,1,1.496,10,1.496,1
14.607,-0.0006911,-0.00046327,1,1.498,10,1.498,1
14.603,-0.00069565,-0.00046403,1,1.5,10,1.5,1
14.599,-0.00070029,-0.000465,1,1.502,10,1.502,1
14.594,-0.00070492,-0.00046596,1,1.504,10,1.504,1
14.59,-0.00070956,-0.00046693,1,1.506,10,1.506,1
14.585,-0.0007142,-0.0004679,1,1.508,10,1.508,1
14.581,-0.00071883,-0.00046886,1,1.51,10,1.51,1
14.576,-0.00072347,-0.00046983,1,1.512,10,1.512,1
14.572,-0.0007281,-0.0004708,1,1.514,10,1.514,1
14.567,-0.00073274,-0.00047176,1,1.516,10,1.516,1
14.562,-0.00073738,-0.00047273,1,1.518,10,1.518,1
14.558,-0.00074201,-0.0004737,1,1.52,10,1.52,1
14.553,-0.00074665,-0.00047466,1,1.522,10,1.522,1
14.549,-0.00075128,-0.00047563,1,1.524,10,1.524,1
14.544,-0.00075592,-0.00047659,1,1.526,10,1.526,1
14.54,-0.00076055,-0.00047756,1,1.528,10,1.528,1
14.535,-0.00076519,-0.00047853,1,1.53,10,1.53,1
14.531,-0.00076983,-0.00047949,1,1.532,10,1.532,1
14.526,-0.00077446,-0.00048046,1,1.534,10,1.534,1
14.522,-0.0007791,-0.00048143,1,1.536,10,1.536,1
14.517,-0.00078373,-0.00048239,1,1.538,10,1.538,1
14.513,-0.00078837,-0.00048336,1,1.54,10,1.54,1
14.508,-0.00079301,-0.00048433,1,1.542,10,1.542,1
14.504,-0.00079764,-0.00048529,1,1.544,10,1.544,1
14.499,-0.00080228,-0.00048626,1,1.546,10,1.546,1
14.495,-0.00080691,-0.00048723,1,1.548,10,1.548,1
14.49,-0.00081155,-0.00048819,1,1.55,10,1.55,1
14.484,-0.00081615,-0.00048918,1,1.552,10,1.552,1
14.478,-0.00082075,-0.00049017,1,1.554,10,1.554,1
14.471,-0.00082535,-0.00049116,1,1.556,10,1.556,1
14.465,-0.00082995,-0.00049215,1,1.558,10,1.558,1
14.459,-0.00083455,-0.00049314,1,1.56,10,1.56,1
14.453,-0.00083915,-0.00049413,1,1.562,10,1.562,1
14.446,-0.00084375,-0.00049512,1,1.564,10,1.564,1
14.44,-0.00084835,-0.00049611,1,1.566,10,1.566,1
14.434,-0.00085295,-0.0004971,1,1.568,10,1.568,1
14.428,-0.00085755,-0.00049809,1,1.57,10,1.57,1
14.421,-0.00086215,-0.00049908,1,1.572,10,1.572,1
14.415,-0.00086675,-0.00050007,1,1.574,10,1.574,1
14.409,-0.00087135,-0.00050106,1,1.576,10,1.576,1
14.403,-0.00087595,-0.00050205,1,1.578,10,1.578,1
14.396,-0.00088055,-0.00050304,1,1.58,10,1.58,1
14.39,-0.00088515,-0.00050403,1,1.582,10,1.582,1
14.384,-0.00088975,-0.00050502,1,1.584,10,1.584,1
14.378,-0.00089435,-0.00050601,1,1.586,10,1.586,1
14.371,-0.00089895,-0.000507,1,1.588,10,1.588,1
14.365,-0.00090355,-0.00050799,1,1.59,10,1.59,1
14.359,-0.00090815,-0.00050898,1,1.592,10,1.592,1
14.353,-0.00091275,-0.00050997,1,1.594,10,1.594,1
14.346,-0.00091735,-0.00051096,1,1.596,10,1.596,1
14.34,-0.00092195,-0.00051195,1,1.598,10,1.598,1
14.334,-0.00092655,-0.00051294,1,1.6,10,1.6,1
14.325,-0.00093094,-0.00051412,1,1.602,10,1.602,1
14.316,-0.00093534,-0.00051531,1,1.604,10,1.604,1
14.307,-0.00093974,-0.0005165,1,1.606,10,1.606,1
14.298,-0.00094413,-0.00051769,1,1.608,10,1.608,1
14.289,-0.00094853,-0.00051888,1,1.61,10,1.61,1
14.28,-0.00095293,-0.00052007,1,1.612,10,1.612,1
14.271,-0.00095733,-0.00052126,1,1.614,10,1.614,1
14.262,-0.00096172,-0.00052244,1,1.616,10,1.616,1
14.253,-0.00096612,-0.00052363,1,1.618,10,1.618,1
14.244,-0.00097052,-0.00052482,1,1.62,10,1.62,1
14.235,-0.00097491,-0.00052601,1,1.622,10,1.622,1
14.226,-0.00097931,-0.0005272,1,1.624,10,1.624,1
14.217,-0.00098371,-0.00052839,1,1.626,10,1.626,1
14.208,-0.00098811,-0.00052957,1,1.628,10,1.628,1
14.199,-0.0009925,-0.00053076,1,1.63,10,1.63,1
14.19,-0.0009969,-0.00053195,1,1.632,10,1.632,1
14.181,-0.0010013,-0.00053314,1,1.634,10,1.634,1
14.172,-0.0010057,-0.00053433,1,1.636,10,1.636,1
14.163,-0.0010101,-0.00053552,1,1.638,10,1.638,1
14.155,-0.0010145,-0.0005367,1,1.64,10,1.64,1
14.146,-0.0010189,-0.00053789,1,1.642,10,1.642,1
14.137,-0.0010233,-0.00053908,1,1.644,10,1.644,1
14.128,-0.0010277,-0.00054027,1,1.646,10,1.646,1
14.119,-0.0010321,-0.00054146,1,1.648,10,1.648,1
14.11,-0.0010365,-0.00054265,1,1.65,10,1.65,1
14.096,-0.0010405,-0.00054355,1,1.652,10,1.652,1
14.083,-0.0010445,-0.00054446,1,1.654,10,1.654,1
14.07,-0.0010485,-0.00054537,1,1.656,10,1.656,1
14.056,-0.0010525,-0.00054627,1,1.658,10,1.658,1
14.043,-0.0010565,-0.00054718,1,1.66,10,1.66,1
14.029,-0.0010605,-0.00054809,1,1.662,10,1.662,1
14.016,-0.0010645,-0.00054899,1,1.664,10,1.664,1
14.003,-0.0010685,-0.0005499,1,1.666,10,1.666,1
13.989,-0.0010725,-0.00055081,1,1.668,10,1.668,1
13.976,-0.0010765,-0.00055171,1,1.67,10,1.67,1
13.963,-0.0010805,-0.00055262,1,1.672,10,1.672,1
13.949,-0.0010845,-0.00055353,1,1.674,10,1.674,1
13.936,-0.0010885,-0.00055443,1,1.676,10,1.676,1
13.922,-0.0010925,-0.00055534,1,1.678,10,1.678,1
13.909,-0.0010965,-0.00055625,1,1.68,10,1.68,1
13.896,-0.0011005,-0.00055715,1,1.682,10,1.682,1
13.882,-0.0011045,-0.00055806,1,1.684,10,1.684,1
13.869,-0.0011085,-0.00055897,1,1.686,10,1.686,1
13.856,-0.0011125,-0.00055987,1,1.688,10,1.688,1
13.842,-0.0011165,-0.00056078,1,1.69,10,1.69,1
13.829,-0.0011205,-0.00056169,1,1.692,10,1.692,1
13.815,-0.0011245,-0.00056259,1,1.694,10,1.694,1
13.802,-0.0011285,-0.0005635,1,1.696,10,1.696,1
13.789,-0.0011325,-0.00056441,1,1.698,10,1.698,1
13.775,-0.0011365,-0.00056531,1,1.7,10,1.7,1
13.755,-0.0011398,-0.00056601,1,1.702,10,1.702,1
13.734,-0.0011432,-0.0005667,1,1.704,10,1.704,1
13.714,-0.0011466,-0.00056739,1,1.706,10,1.706,1
13.693,-0.0011499,-0.00056809,1,1.708,10,1.708,1
13.672,-0.0011533,-0.00056878,1,1.71,10,1.71,1
13.652,-0.0011566,-0.00056948,1,1.712,10,1.712,1
13.631,-0.00116,-0.00057017,1,1.714,10,1.714,1
13.611,-0.0011634,-0.00057086,1,1.716,10,1.716,1
13.59,-0.0011667,-0.00057156,1,1.718,10,1.718,1
13.57,-0.0011701,-0.00057225,1,1.72,10,1.72,1
13.549,-0.0011734,-0.00057294,1,1.722,10,1.722,1
13.529,-0.0011768,-0.00057364,1,1.724,10,1.724,1
13.508,-0.0011802,-0.00057433,1,1.726,10,1.726,1
13.487,-0.0011835,-0.00057503,1,1.728,10,1.728,1
13.467,-0.0011869,-0.00057572,1,1.73,10,1.73,1
13.446,-0.0011902,-0.00057641,1,1.732,10,1.732,1
13.426,-0.0011936,-0.00057711,1,1.734,10,1.734,1
13.405,-0.001197,-0.0005778,1,1.736,10,1.736,1
13.385,-0.0012003,-0.0005785,1,1.738,10,1.738,1
13.364,-0.0012037,-0.00057919,1,1.74,10,1.74,1
13.344,-0.0012071,-0.00057988,1,1.742,10,1.742,1
13.323,-0.0012104,-0.00058058,1,1.744,10,1.744,1
13.302,-0.0012138,-0.00058127,1,1.746,10,1.746,1
13.282,-0.0012171,-0.00058196,1,1.748,10,1.748,1
13.261,-0.0012205,-0.00058266,1,1.75,10,1.75,1
13.229,-0.0012227,-0.00058284,1,1.752,10,1.752,1
13.197,-0.001225,-0.00058302,1,1.754,10,1.754,1
13.164,-0.0012272,-0.00058319,1,1.756,10,1.756,1
13.132,-0.0012294,-0.00058337,1,1.758,10,1.758,1
13.099,-0.0012317,-0.00058355,1,1.76,10,1.76,1
13.067,-0.0012339,-0.00058373,1,1.762,10,1.762,1
13.035,-0.0012362,-0.00058391,1,1.764,10,1.764,1
13.002,-0.0012384,-0.00058409,1,1.766,10,1.766,1
12.97,-0.0012406,-0.00058426,1,1.768,10,1.768,1
12.938,-0.0012429,-0.00058444,1,1.77,10,1.77,1
12.905,-0.0012451,-0.00058462,1,1.772,10,1.772,1
12.873,-0.0012473,-0.0005848,1,1.774,10,1.774,1
12.841,-0.0012496,-0.00058498,1,1.776,10,1.776,1
12.808,-0.0012518,-0.00058515,1,1.778,10,1.778,1
12.776,-0.0012541,-0.00058533,1,1.78,10,1.78,1
12.744,-0.0012563,-0.00058551,1,1.782,10,1.782,1
12.711,-0.0012585,-0.00058569,1,1.784,10,1.784,1
12.679,-0.0012608,-0.00058587,1,1.786,10,1.786,1
12.646,-0.001263,-0.00058605,1,1.788,10,1.788,1
12.614,-0.0012652,-0.00058622,1,1.79,10,1.79,1
12.582,-0.0012675,-0.0005864,1,1.792,10,1.792,1
12.549,-0.0012697,-0.00058658,1,1.794,10,1.794,1
12.517,-0.001272,-0.00058676,1,1.796,10,1.796,1
12.485,-0.0012742,-0.00058694,1,1.798,10,1.798,1
12.452,-0.0012764,-0.00058712,1,1.8,10,1.8,1
12.4,-0.0012766,-0.00058659,1,1.802,10,1.802,1
12.349,-0.0012769,-0.00058607,1,1.804,10,1.804,1
12.297,-0.0012771,-0.00058555,1,1.806,10,1.806,1
12.245,-0.0012773,-0.00058503,1,1.808,10,1.808,1
12.193,-0.0012775,-0.00058451,1,1.81,10,1.81,1
12.141,-0.0012777,-0.00058399,1,1.812,10,1.812,1
12.089,-0.0012779,-0.00058347,1,1.814,10,1.814,1
12.038,-0.0012781,-0.00058294,1,1.816,10,1.816,1
11.986,-0.0012783,-0.00058242,1,1.818,10,1.818,1
11.934,-0.0012785,-0.0005819,1,1.82,10,1.82,1
11.882,-0.0012787,-0.00058138,1,1.822,10,1.822,1
11.83,-0.001279,-0.00058086,1,1.824,10,1.824,1
11.779,-0.0012792,-0.00058034,1,1.826,10,1.826,1
11.727,-0.0012794,-0.00057982,1,1.828,10,1.828,1
11.675,-0.0012796,-0.00057929,1,1.83,10,1.83,1
11.623,-0.0012798,-0.00057877,1,1.832,10,1.832,1
11.571,-0.00128,-0.00057825,1,1.834,10,1.834,1
11.519,-0.0012802,-0.00057773,1,1.836,10,1.836,1
11.468,-0.0012804,-0.00057721,1,1.838,10,1.838,1
11.416,-0.0012806,-0.00057669,1,1.84,10,1.84,1
11.364,-0.0012809,-0.00057616,1,1.842,10,1.842,1
11.312,-0.0012811,-0.00057564,1,1.844,10,1.844,1
11.26,-0.0012813,-0.00057512,1,1.846,10,1.846,1
11.208,-0.0012815,-0.0005746,1,1.848,10,1.848,1
11.157,-0.0012817,-0.00057408,1,1.85,10,1.85,1
11.073,-0.0012776,-0.00057254,1,1.852,10,1.852,1
10.989,-0.0012735,-0.000571,1,1.854,10,1.854,1
10.905,-0.0012694,-0.00056946,1,1.856,10,1.856,1
10.821,-0.0012653,-0.00056792,1,1.858,10,1.858,1
10.737,-0.0012612,-0.00056637,1,1.86,10,1.86,1
10.653,-0.0012572,-0.00056483,1,1.862,10,1.862,1
10.569,-0.0012531,-0.00056329,1,1.864,10,1.864,1
10.485,-0.001249,-0.00056175,1,1.866,10,1.866,1
10.401,-0.0012449,-0.00056021,1,1.868,10,1.868,1
10.317,-0.0012408,-0.00055867,1,1.87,10,1.87,1
10.233,-0.0012367,-0.00055713,1,1.872,10,1.872,1
10.149,-0.0012326,-0.00055559,1,1.874,10,1.874,1
10.065,-0.0012285,-0.00055405,1,1.876,10,1.876,1
9.9807,-0.0012244,-0.00055251,1,1.878,10,1.878,1
9.8967,-0.0012203,-0.00055097,1,1.88,10,1.88,1
9.8127,-0.0012162,-0.00054943,1,1.882,10,1.882,1
9.7287,-0.0012122,-0.00054789,1,1.884,10,1.884,1
9.6447,-0.0012081,-0.00054634,1,1.886,10,1.886,1
9.5607,-0.001204,-0.0005448,1,1.888,10,1.888,1
9.4767,-0.0011999,-0.00054326,1,1.89,10,1.89,1
9.3927,-0.0011958,-0.00054172,1,1.892,10,1.892,1
9.3087,-0.0011917,-0.00054018,1,1.894,10,1.894,1
9.2247,-0.0011876,-0.00053864,1,1.896,10,1.896,1
9.1407,-0.0011835,-0.0005371,1,1.898,10,1.898,1
9.0567,-0.0011794,-0.00053556,1,1.9,10,1.9,1
8.9196,-0.0011698,-0.00053072,1,1.902,10,1.902,1
8.7824,-0.0011601,-0.00052588,1,1.904,10,1.904,1
8.6452,-0.0011504,-0.00052104,1,1.906,10,1.906,1
8.5081,-0.0011407,-0.0005162,1,1.908,10,1.908,1
8.3709,-0.0011311,-0.00051137,1,1.91,10,1.91,1
8.2338,-0.0011214,-0.00050653,1,1.912,10,1.912,1
8.0966,-0.0011117,-0.00050169,1,1.914,10,1.914,1
7.9594,-0.001102,-0.00049685,1,1.916,10,1.916,1
7.8223,-0.0010923,-0.00049201,1,1.918,10,1.918,1
7.6851,-0.0010827,-0.00048717,1,1.92,10,1.92,1
7.5479,-0.001073,-0.00048233,1,1.922,10,1.922,1
7.4108,-0.0010633,-0.00047749,1,1.924,10,1.924,1
7.2736,-0.0010536,-0.00047265,1,1.926,10,1.926,1
7.1364,-0.001044,-0.00046782,1,1.928,10,1.928,1
6.9993,-0.0010343,-0.00046298,1,1.93,10,1.93,1
6.8621,-0.0010246,-0.00045814,1,1.932,10,1.932,1
6.7249,-0.0010149,-0.0004533,1,1.934,10,1.934,1
6.5878,-0.0010053,-0.00044846,1,1.936,10,1.936,1
6.4506,-0.00099558,-0.00044362,1,1.938,10,1.938,1
6.3135,-0.0009859,-0.00043878,1,1.94,10,1.94,1
6.1763,-0.00097623,-0.00043394,1,1.942,10,1.942,1
6.0391,-0.00096655,-0.0004291,1,1.944,10,1.944,1
5.902,-0.00095687,-0.00042427,1,1.946,10,1.946,1
5.7648,-0.0009472,-0.00041943,1,1.948,10,1.948,1
5.6276,-0.00093752,-0.00041459,1,1.95,10,1.95,1
5.4025,-0.00089985,-0.00038917,1,1.952,10,1.952,1
5.1774,-0.00086219,-0.00036375,1,1.954,10,1.954,1
4.9523,-0.00082452,-0.00033833,1,1.956,10,1.956,1
4.7271,-0.00078685,-0.00031291,1,1.958,10,1.958,1
4.502,-0.00074918,-0.00028749,1,1.96,10,1.96,1
4.2769,-0.00071152,-0.00026207,1,1.962,10,1.962,1
4.0518,-0.00067385,-0.00023665,1,1.964,10,1.964,1
3.8266,-0.00063618,-0.00021124,1,1.966,10,1.966,1
3.6015,-0.00059851,-0.00018582,1,1.968,10,1.968,1
3.3764,-0.00056085,-0.0001604,1,1.97,10,1.97,1
3.1513,-0.00052318,-0.00013498,1,1.972,10,1.972,1
2.9261,-0.00048551,-0.00010956,1,1.974,10,1.974,1
2.701,-0.00044784,-8.4141e-05,1,1.976,10,1.976,1
2.4759,-0.00041018,-5.8721e-05,1,1.978,10,1.978,1
2.2508,-0.00037251,-3.3302e-05,1,1.98,10,1.98,1
2.0256,-0.00033484,-7.8835e-06,1,1.982,10,1.982,1
1.8005,-0.00029717,1.7535e-05,1,1.984,10,1.984,1
1.5754,-0.00025951,4.2954e-05,1,1.986,10,1.986,1
1.3503,-0.00022184,6.8374e-05,1,1.988,10,1.988,1
1.1251,-0.00018417,9.3793e-05,1,1.99,10,1.99,1
0.9,-0.0001465,0.00011921,1,1.992,10,1.992,1
0.67488,-0.00010884,0.00014463,1,1.994,10,1.994,1
0.44975,-7.1168e-05,0.00017005,1,1.996,10,1.996,1
0.22462,-3.3501e-05,0.00019547,1,1.998,10,1.998,1
-0.00050076,4.1659e-06,0.00022089,1,2,10,2,1
